{
  "id" : "1ab0e601-aa14-4c2d-b545-89b4fac31b9c",
  "name" : "AddSymbolToStockWatchList-Service",
  "description" : null,
  "iserror" : false,
  "no_of_errors" : 0,
  "service_input" : {
    "type" : "jsonb",
    "value" : "[{\"id\": \"118b7393-2e0e-458f-8b1e-f390d4a2e9c3\", \"key\": \"/AddSymbolToStockWatchList-ServiceInput\", \"type\": \"object\", \"order\": 1, \"title\": \"AddSymbolToStockWatchList-ServiceInput\", \"value\": {\"type\": \"object\"}, \"isLeaf\": false, \"children\": [{\"id\": \"01412bb8-11d1-45d2-a6e6-ee235053a3b6\", \"key\": \"/AddSymbolToStockWatchList-ServiceInput/symbol\", \"edit\": false, \"type\": \"node\", \"order\": 1, \"title\": \"symbol\", \"value\": {\"type\": \"string\"}, \"children\": [], \"editAllow\": true, \"dataElementType\": \"string\"}, {\"id\": \"8aeca213-0ac5-4bef-a0f9-72c7522d87e6\", \"key\": \"/AddSymbolToStockWatchList-ServiceInput/appId\", \"edit\": false, \"type\": \"node\", \"order\": 1, \"title\": \"appId\", \"value\": {\"type\": \"string\"}, \"children\": [], \"editAllow\": true, \"dataElementType\": \"string\"}], \"childrenSet\": false, \"hasChildren\": false, \"dataElementType\": \"document\", \"documentReference\": [], \"encryption_required\": false}]",
    "null" : false
  },
  "service_output" : {
    "type" : "jsonb",
    "value" : "[{\"id\": \"93ec28ee-fdd6-4e9a-84ac-ce046ede9e88\", \"key\": \"/AddSymbolToStockWatchList-ServiceOutput\", \"type\": \"object\", \"order\": 1, \"title\": \"AddSymbolToStockWatchList-ServiceOutput\", \"value\": {\"type\": \"object\"}, \"isLeaf\": false, \"children\": [{\"id\": \"13139ce9-d76c-43d6-9e4b-8fdf629b7c69\", \"key\": \"/AddSymbolToStockWatchList-ServiceOutput/toolResponseType\", \"edit\": false, \"type\": \"node\", \"order\": 1, \"title\": \"toolResponseType\", \"value\": {\"type\": \"string\"}, \"children\": [], \"editAllow\": true, \"dataElementType\": \"string\"}, {\"id\": \"b92e86f8-3692-4a8d-94b8-9a47abb02822\", \"key\": \"/AddSymbolToStockWatchList-ServiceOutput/toolResponseText\", \"edit\": false, \"type\": \"node\", \"order\": 1, \"title\": \"toolResponseText\", \"value\": {\"type\": \"string\"}, \"children\": [], \"editAllow\": true, \"dataElementType\": \"string\"}], \"childrenSet\": false, \"hasChildren\": false, \"dataElementType\": \"document\", \"documentReference\": [], \"encryption_required\": false}]",
    "null" : false
  },
  "service_input_json_schema" : {
    "type" : "jsonb",
    "value" : "{\"required\": [], \"properties\": {\"AddSymbolToStockWatchList-ServiceInput\": {\"type\": \"object\", \"required\": [], \"properties\": {\"appId\": {\"type\": \"string\"}, \"symbol\": {\"type\": \"string\"}}, \"additionalProperties\": false}}, \"additionalProperties\": false}",
    "null" : false
  },
  "service_output_json_schema" : {
    "type" : "jsonb",
    "value" : "{\"required\": [], \"properties\": {\"AddSymbolToStockWatchList-ServiceOutput\": {\"type\": \"object\", \"required\": [], \"properties\": {\"toolResponseText\": {\"type\": \"string\"}, \"toolResponseType\": {\"type\": \"string\"}}, \"additionalProperties\": false}}, \"additionalProperties\": false}",
    "null" : false
  },
  "type" : "SERVICE",
  "error_handler" : false,
  "tag" : "V4",
  "active" : false,
  "is_changed" : true,
  "comment" : "Added appid header retrieval and using this for the userid of my stock symbol table. This enabled the MCP Server to support multiple users. I just create a different Fusion App with ID for each user and give the user their ID",
  "base_tag" : "V3",
  "test_input" : {
    "type" : "jsonb",
    "value" : "{}",
    "null" : false
  },
  "test_input_structure" : {
    "type" : "jsonb",
    "value" : "[{\"id\": \"118b7393-2e0e-458f-8b1e-f390d4a2e9c3\", \"key\": \"/AddSymbolToStockWatchList-ServiceInput\", \"type\": \"object\", \"order\": 1, \"title\": \"AddSymbolToStockWatchList-ServiceInput\", \"value\": {\"type\": \"object\"}, \"isLeaf\": false, \"children\": [{\"id\": \"01412bb8-11d1-45d2-a6e6-ee235053a3b6\", \"key\": \"/AddSymbolToStockWatchList-ServiceInput/symbol\", \"edit\": false, \"type\": \"node\", \"order\": 1, \"title\": \"symbol\", \"value\": {\"type\": \"string\"}, \"children\": [], \"editAllow\": true, \"dataElementType\": \"string\"}, {\"id\": \"8aeca213-0ac5-4bef-a0f9-72c7522d87e6\", \"key\": \"/AddSymbolToStockWatchList-ServiceInput/appId\", \"edit\": false, \"type\": \"node\", \"order\": 1, \"title\": \"appId\", \"value\": {\"type\": \"string\"}, \"children\": [], \"editAllow\": true, \"dataElementType\": \"string\"}], \"childrenSet\": false, \"hasChildren\": false, \"dataElementType\": \"document\", \"documentReference\": [], \"encryption_required\": false}]",
    "null" : false
  }
}