{
  "id" : "3982358f-ab0d-48aa-a2a0-85219d8b1211",
  "name" : "GetStockQuote-Service",
  "description" : null,
  "iserror" : true,
  "no_of_errors" : 0,
  "service_input" : {
    "type" : "jsonb",
    "value" : "[{\"id\": \"85e735b6-daf2-46a7-9897-5c5d31c6dfac\", \"key\": \"/GetStockQuote-ServiceInput\", \"type\": \"object\", \"order\": 1, \"title\": \"GetStockQuote-ServiceInput\", \"value\": {\"type\": \"object\"}, \"isLeaf\": false, \"children\": [{\"id\": \"4a69414d-7090-4279-90a4-411d6c4dc3c3\", \"key\": \"/GetStockQuote-ServiceInput/symbol\", \"edit\": false, \"type\": \"node\", \"order\": 1, \"title\": \"symbol\", \"value\": {\"type\": \"string\"}, \"children\": [], \"editAllow\": true, \"dataElementType\": \"string\"}], \"childrenSet\": false, \"hasChildren\": false, \"dataElementType\": \"document\", \"documentReference\": [], \"encryption_required\": false}]",
    "null" : false
  },
  "service_output" : {
    "type" : "jsonb",
    "value" : "[{\"id\": \"fccc78be-eaf4-4975-983f-ec11a1851806\", \"key\": \"/GetStockQuote-ServiceOutput\", \"type\": \"object\", \"order\": 1, \"title\": \"GetStockQuote-ServiceOutput\", \"value\": {\"type\": \"object\"}, \"isLeaf\": false, \"children\": [{\"id\": \"815b68dd-5489-48ad-a232-c1d6624cc9d3\", \"key\": \"/GetStockQuote-ServiceOutput/toolResponseType\", \"edit\": false, \"type\": \"node\", \"order\": 1, \"title\": \"toolResponseType\", \"value\": {\"type\": \"string\"}, \"children\": [], \"editAllow\": true, \"dataElementType\": \"string\"}, {\"id\": \"4c6488f5-a093-4e2b-ba66-f523b71045cd\", \"key\": \"/GetStockQuote-ServiceOutput/toolResponseText\", \"edit\": false, \"type\": \"node\", \"order\": 1, \"title\": \"toolResponseText\", \"value\": {\"type\": \"string\"}, \"children\": [], \"editAllow\": true, \"dataElementType\": \"string\"}], \"childrenSet\": false, \"hasChildren\": false, \"dataElementType\": \"document\", \"documentReference\": [], \"encryption_required\": false}]",
    "null" : false
  },
  "service_input_json_schema" : {
    "type" : "jsonb",
    "value" : "{\"required\": [], \"properties\": {\"GetStockQuote-ServiceInput\": {\"type\": \"object\", \"required\": [], \"properties\": {\"symbol\": {\"type\": \"string\"}}, \"additionalProperties\": false}}, \"additionalProperties\": false}",
    "null" : false
  },
  "service_output_json_schema" : {
    "type" : "jsonb",
    "value" : "{\"required\": [], \"properties\": {\"GetStockQuote-ServiceOutput\": {\"type\": \"object\", \"required\": [], \"properties\": {\"toolResponseText\": {\"type\": \"string\"}, \"toolResponseType\": {\"type\": \"string\"}}, \"additionalProperties\": false}}, \"additionalProperties\": false}",
    "null" : false
  },
  "type" : "SERVICE",
  "error_handler" : false,
  "tag" : "V4",
  "active" : false,
  "is_changed" : false,
  "comment" : "Added appid header retrieval and using this for the userid of my stock symbol table. This enabled the MCP Server to support multiple users. I just create a different Fusion App with ID for each user and give the user their ID",
  "base_tag" : "V3",
  "test_input" : {
    "type" : "jsonb",
    "value" : "{}",
    "null" : false
  },
  "test_input_structure" : {
    "type" : "jsonb",
    "value" : "[{\"id\": \"85e735b6-daf2-46a7-9897-5c5d31c6dfac\", \"key\": \"/GetStockQuote-ServiceInput\", \"type\": \"object\", \"order\": 1, \"title\": \"GetStockQuote-ServiceInput\", \"value\": {\"type\": \"object\"}, \"isLeaf\": false, \"children\": [{\"id\": \"4a69414d-7090-4279-90a4-411d6c4dc3c3\", \"key\": \"/GetStockQuote-ServiceInput/symbol\", \"edit\": false, \"type\": \"node\", \"order\": 1, \"title\": \"symbol\", \"value\": {\"type\": \"string\"}, \"children\": [], \"editAllow\": true, \"dataElementType\": \"string\"}], \"childrenSet\": false, \"hasChildren\": false, \"dataElementType\": \"document\", \"documentReference\": [], \"encryption_required\": false}]",
    "null" : false
  }
}