{
  "id" : "b5840785-5949-48de-bfc1-8e87f5ba406b",
  "name" : "GetToolHeaderAppId",
  "description" : null,
  "iserror" : false,
  "no_of_errors" : 0,
  "service_input" : {
    "type" : "jsonb",
    "value" : "[{\"id\": \"5b904d72-50d0-4a1d-9198-0f415ddf842a\", \"key\": \"/GetToolHeaderAppIdInput\", \"type\": \"object\", \"order\": 1, \"title\": \"GetToolHeaderAppIdInput\", \"value\": {\"type\": \"object\"}, \"isLeaf\": false, \"children\": [{\"id\": \"cd15c163-3167-4a82-addf-9f57565a7eed\", \"key\": \"/GetToolHeaderAppIdInput/MCPServer\", \"edit\": false, \"type\": \"node\", \"order\": 1, \"title\": \"MCPServer\", \"value\": {\"type\": \"array\"}, \"children\": [], \"editAllow\": true, \"dataElementType\": \"document\"}], \"childrenSet\": false, \"hasChildren\": false, \"dataElementType\": \"document\", \"documentReference\": [], \"encryption_required\": false}]",
    "null" : false
  },
  "service_output" : {
    "type" : "jsonb",
    "value" : "[{\"id\": \"b3f9d3d7-a502-4d8f-8e9c-0c93276485c6\", \"key\": \"/GetToolHeaderAppIdOutput\", \"type\": \"object\", \"order\": 1, \"title\": \"GetToolHeaderAppIdOutput\", \"value\": {\"type\": \"object\"}, \"isLeaf\": false, \"children\": [{\"id\": \"452adc8a-08a7-4cb4-91e2-bf8048e997d2\", \"key\": \"/GetToolHeaderAppIdOutput/appId\", \"edit\": false, \"type\": \"node\", \"order\": 1, \"title\": \"appId\", \"value\": {\"type\": \"string\"}, \"children\": [], \"editAllow\": true, \"dataElementType\": \"string\"}], \"childrenSet\": false, \"hasChildren\": false, \"dataElementType\": \"document\", \"documentReference\": [], \"encryption_required\": false}]",
    "null" : false
  },
  "service_input_json_schema" : {
    "type" : "jsonb",
    "value" : "{\"required\": [], \"properties\": {\"GetToolHeaderAppIdInput\": {\"type\": \"object\", \"required\": [], \"properties\": {\"MCPServer\": {\"type\": \"array\"}}, \"additionalProperties\": false}}, \"additionalProperties\": false}",
    "null" : false
  },
  "service_output_json_schema" : {
    "type" : "jsonb",
    "value" : "{\"required\": [], \"properties\": {\"GetToolHeaderAppIdOutput\": {\"type\": \"object\", \"required\": [], \"properties\": {\"appId\": {\"type\": \"string\"}}, \"additionalProperties\": false}}, \"additionalProperties\": false}",
    "null" : false
  },
  "type" : "SERVICE",
  "error_handler" : false,
  "tag" : "V4",
  "active" : false,
  "is_changed" : true,
  "comment" : "Added appid header retrieval and using this for the userid of my stock symbol table. This enabled the MCP Server to support multiple users. I just create a different Fusion App with ID for each user and give the user their ID",
  "base_tag" : "V3",
  "test_input" : {
    "type" : "jsonb",
    "value" : "{}",
    "null" : false
  },
  "test_input_structure" : {
    "type" : "jsonb",
    "value" : "[{\"id\": \"5b904d72-50d0-4a1d-9198-0f415ddf842a\", \"key\": \"/GetToolHeaderAppIdInput\", \"type\": \"object\", \"order\": 1, \"title\": \"GetToolHeaderAppIdInput\", \"value\": {\"type\": \"object\"}, \"isLeaf\": false, \"children\": [{\"id\": \"cd15c163-3167-4a82-addf-9f57565a7eed\", \"key\": \"/GetToolHeaderAppIdInput/MCPServer\", \"edit\": false, \"type\": \"node\", \"order\": 1, \"title\": \"MCPServer\", \"value\": {\"type\": \"array\"}, \"children\": [], \"editAllow\": true, \"dataElementType\": \"document\"}], \"childrenSet\": false, \"hasChildren\": false, \"dataElementType\": \"document\", \"documentReference\": [], \"encryption_required\": false}]",
    "null" : false
  }
}