{
  "id" : "30c179c7-e045-49f7-b411-85b268f8ce77",
  "name" : "GetWatchListSymbols",
  "description" : "",
  "iserror" : false,
  "no_of_errors" : 0,
  "service_input" : {
    "type" : "jsonb",
    "value" : "[{\"id\": \"88d333e5-aa74-4092-ad77-4dc32a5be077\", \"key\": \"/GetWatchListSymbolsInput\", \"type\": \"object\", \"order\": 1, \"title\": \"GetWatchListSymbolsInput\", \"value\": {\"type\": \"object\"}, \"isLeaf\": false, \"children\": [{\"id\": \"2e14112b-04d0-42f4-ac3a-cb5d7f04d094\", \"key\": \"/GetWatchListSymbolsInput/appId\", \"edit\": false, \"type\": \"node\", \"order\": 1, \"title\": \"appId\", \"value\": {\"type\": \"string\"}, \"children\": [], \"editAllow\": true, \"dataElementType\": \"string\"}], \"childrenSet\": false, \"hasChildren\": false, \"dataElementType\": \"document\", \"documentReference\": [], \"encryption_required\": false}]",
    "null" : false
  },
  "service_output" : {
    "type" : "jsonb",
    "value" : "[{\"id\": \"30e39f34-dde3-496a-a78c-4969faf936a1\", \"key\": \"/GetWatchListSymbolsOutput\", \"type\": \"object\", \"order\": 1, \"title\": \"GetWatchListSymbolsOutput\", \"value\": {\"type\": \"object\"}, \"isLeaf\": false, \"children\": [{\"id\": \"30d50404-7057-46e6-a814-2e0200424cd1\", \"key\": \"/GetWatchListSymbolsOutput/success\", \"edit\": false, \"type\": \"node\", \"order\": 1, \"title\": \"success\", \"value\": {\"type\": \"boolean\"}, \"children\": [], \"editAllow\": true, \"dataElementType\": \"boolean\"}, {\"id\": \"ac6254d4-e6bb-449f-a5fe-ddb3627db09a\", \"key\": \"/GetWatchListSymbolsOutput/symbols\", \"edit\": false, \"type\": \"node\", \"order\": 1, \"title\": \"symbols\", \"value\": {\"type\": \"string\"}, \"children\": [], \"editAllow\": true, \"dataElementType\": \"string\"}], \"childrenSet\": false, \"hasChildren\": false, \"dataElementType\": \"document\", \"documentReference\": [], \"encryption_required\": false}]",
    "null" : false
  },
  "service_input_json_schema" : {
    "type" : "jsonb",
    "value" : "{\"required\": [], \"properties\": {\"GetWatchListSymbolsInput\": {\"type\": \"object\", \"required\": [], \"properties\": {\"appId\": {\"type\": \"string\"}}, \"additionalProperties\": false}}, \"additionalProperties\": false}",
    "null" : false
  },
  "service_output_json_schema" : {
    "type" : "jsonb",
    "value" : "{\"required\": [], \"properties\": {\"GetWatchListSymbolsOutput\": {\"type\": \"object\", \"required\": [], \"properties\": {\"success\": {\"type\": \"boolean\"}, \"symbols\": {\"type\": \"string\"}}, \"additionalProperties\": false}}, \"additionalProperties\": false}",
    "null" : false
  },
  "type" : "SERVICE",
  "error_handler" : false,
  "tag" : "V4",
  "active" : false,
  "is_changed" : true,
  "comment" : "Added appid header retrieval and using this for the userid of my stock symbol table. This enabled the MCP Server to support multiple users. I just create a different Fusion App with ID for each user and give the user their ID",
  "base_tag" : "V3",
  "test_input" : {
    "type" : "jsonb",
    "value" : "{}",
    "null" : false
  },
  "test_input_structure" : {
    "type" : "jsonb",
    "value" : "[{\"id\": \"88d333e5-aa74-4092-ad77-4dc32a5be077\", \"key\": \"/GetWatchListSymbolsInput\", \"type\": \"object\", \"order\": 1, \"title\": \"GetWatchListSymbolsInput\", \"value\": {\"type\": \"object\"}, \"isLeaf\": false, \"children\": [{\"id\": \"2e14112b-04d0-42f4-ac3a-cb5d7f04d094\", \"key\": \"/GetWatchListSymbolsInput/appId\", \"edit\": false, \"type\": \"node\", \"order\": 1, \"title\": \"appId\", \"value\": {\"type\": \"string\"}, \"children\": [], \"editAllow\": true, \"dataElementType\": \"string\"}], \"childrenSet\": false, \"hasChildren\": false, \"dataElementType\": \"document\", \"documentReference\": [], \"encryption_required\": false}]",
    "null" : false
  }
}