{
  "id" : "58122def-ecf6-4614-9bfd-ceee78e25486",
  "name" : "RemoveSymbolFromStockWatchList-Service",
  "description" : null,
  "iserror" : false,
  "no_of_errors" : 0,
  "service_input" : {
    "type" : "jsonb",
    "value" : "[{\"id\": \"276939ad-41d2-4e6c-9d98-0775c197a32f\", \"key\": \"/RemoveSymbolFromStockWatchList-ServiceInput\", \"type\": \"object\", \"order\": 1, \"title\": \"RemoveSymbolFromStockWatchList-ServiceInput\", \"value\": {\"type\": \"object\"}, \"isLeaf\": false, \"children\": [{\"id\": \"e30ef13d-9aaf-475d-b928-3fa4372d75d1\", \"key\": \"/RemoveSymbolFromStockWatchList-ServiceInput/symbol\", \"edit\": false, \"type\": \"node\", \"order\": 1, \"title\": \"symbol\", \"value\": {\"type\": \"string\"}, \"children\": [], \"editAllow\": true, \"dataElementType\": \"string\"}, {\"id\": \"4f7137fa-62e3-4dfa-9970-a747d1d25236\", \"key\": \"/RemoveSymbolFromStockWatchList-ServiceInput/appId\", \"edit\": false, \"type\": \"node\", \"order\": 1, \"title\": \"appId\", \"value\": {\"type\": \"string\"}, \"children\": [], \"editAllow\": true, \"dataElementType\": \"string\"}], \"childrenSet\": false, \"hasChildren\": false, \"dataElementType\": \"document\", \"documentReference\": [], \"encryption_required\": false}]",
    "null" : false
  },
  "service_output" : {
    "type" : "jsonb",
    "value" : "[{\"id\": \"feb08714-1a86-45bf-a1a3-3caea8072746\", \"key\": \"/RemoveSymbolFromStockWatchList-ServiceOutput\", \"type\": \"object\", \"order\": 1, \"title\": \"RemoveSymbolFromStockWatchList-ServiceOutput\", \"value\": {\"type\": \"object\"}, \"isLeaf\": false, \"children\": [{\"id\": \"cd149024-68b2-45d0-99fa-7da85b4e7b2f\", \"key\": \"/RemoveSymbolFromStockWatchList-ServiceOutput/toolResponseType\", \"edit\": false, \"type\": \"node\", \"order\": 1, \"title\": \"toolResponseType\", \"value\": {\"type\": \"string\"}, \"children\": [], \"editAllow\": true, \"dataElementType\": \"string\"}, {\"id\": \"aada73ce-6fe8-41ca-ad43-73ce8151907c\", \"key\": \"/RemoveSymbolFromStockWatchList-ServiceOutput/toolResponseText\", \"edit\": false, \"type\": \"node\", \"order\": 1, \"title\": \"toolResponseText\", \"value\": {\"type\": \"string\"}, \"children\": [], \"editAllow\": true, \"dataElementType\": \"string\"}], \"childrenSet\": false, \"hasChildren\": false, \"dataElementType\": \"document\", \"documentReference\": [], \"encryption_required\": false}]",
    "null" : false
  },
  "service_input_json_schema" : {
    "type" : "jsonb",
    "value" : "{\"required\": [], \"properties\": {\"RemoveSymbolFromStockWatchList-ServiceInput\": {\"type\": \"object\", \"required\": [], \"properties\": {\"appId\": {\"type\": \"string\"}, \"symbol\": {\"type\": \"string\"}}, \"additionalProperties\": false}}, \"additionalProperties\": false}",
    "null" : false
  },
  "service_output_json_schema" : {
    "type" : "jsonb",
    "value" : "{\"required\": [], \"properties\": {\"RemoveSymbolFromStockWatchList-ServiceOutput\": {\"type\": \"object\", \"required\": [], \"properties\": {\"toolResponseText\": {\"type\": \"string\"}, \"toolResponseType\": {\"type\": \"string\"}}, \"additionalProperties\": false}}, \"additionalProperties\": false}",
    "null" : false
  },
  "type" : "SERVICE",
  "error_handler" : false,
  "tag" : "V4",
  "active" : false,
  "is_changed" : true,
  "comment" : "Added appid header retrieval and using this for the userid of my stock symbol table. This enabled the MCP Server to support multiple users. I just create a different Fusion App with ID for each user and give the user their ID",
  "base_tag" : "V3",
  "test_input" : {
    "type" : "jsonb",
    "value" : "{}",
    "null" : false
  },
  "test_input_structure" : {
    "type" : "jsonb",
    "value" : "[{\"id\": \"276939ad-41d2-4e6c-9d98-0775c197a32f\", \"key\": \"/RemoveSymbolFromStockWatchList-ServiceInput\", \"type\": \"object\", \"order\": 1, \"title\": \"RemoveSymbolFromStockWatchList-ServiceInput\", \"value\": {\"type\": \"object\"}, \"isLeaf\": false, \"children\": [{\"id\": \"e30ef13d-9aaf-475d-b928-3fa4372d75d1\", \"key\": \"/RemoveSymbolFromStockWatchList-ServiceInput/symbol\", \"edit\": false, \"type\": \"node\", \"order\": 1, \"title\": \"symbol\", \"value\": {\"type\": \"string\"}, \"children\": [], \"editAllow\": true, \"dataElementType\": \"string\"}, {\"id\": \"4f7137fa-62e3-4dfa-9970-a747d1d25236\", \"key\": \"/RemoveSymbolFromStockWatchList-ServiceInput/appId\", \"edit\": false, \"type\": \"node\", \"order\": 1, \"title\": \"appId\", \"value\": {\"type\": \"string\"}, \"children\": [], \"editAllow\": true, \"dataElementType\": \"string\"}], \"childrenSet\": false, \"hasChildren\": false, \"dataElementType\": \"document\", \"documentReference\": [], \"encryption_required\": false}]",
    "null" : false
  }
}