{
  "id" : "994a114d-5467-4491-8567-41b783a61f27",
  "name" : "PostgresLBG",
  "description" : "PostgresLBG",
  "connection_config" : null,
  "endpoint_type_id" : "8d3544f0-886d-4d1a-be9b-c6f29f2061ac",
  "enabled" : true,
  "bean_name" : "SQL-c482d7be-c419-494b-beca-aebf5494c632",
  "status" : {
    "type" : "jsonb",
    "value" : "{\"112c1cb8-4b9e-4d1a-a042-0bd031dc7d05\": true, \"81e359da-9454-40ba-b968-1273a3b8e37b\": true, \"bdf2e4f5-a195-40b5-a82a-1d76ab30e077\": true}",
    "null" : false
  },
  "auth_token_config" : {
    "type" : "jsonb",
    "value" : "{}",
    "null" : false
  },
  "avatar_id" : "c10f15d9-dabc-4a65-bd2d-a3a83be7176b",
  "tag" : "V4",
  "active" : false,
  "is_changed" : false,
  "comment" : "Added appid header retrieval and using this for the userid of my stock symbol table. This enabled the MCP Server to support multiple users. I just create a different Fusion App with ID for each user and give the user their ID",
  "is_error" : false,
  "base_tag" : "V3"
}