{
  "urls" : "axway-appc-se-check.sandbox.fusion.services.axway.com,axway-appc-se-design.sandbox.fusion.services.axway.com,axway-appc-se-live.sandbox.fusion.services.axway.com",
  "domains" : "cx52-c,cx52-d,cx52-l",
  "projects" : [ {
    "projectId" : "ff43f984-d7dc-4e43-9c26-837e5d52773f",
    "projectName" : "FusionStockWatchListMCP",
    "projectVersion" : "V5",
    "projectType" : "Fusion"
  }, {
    "projectId" : "d15a3eea-56b1-4b22-8e37-6a178b5611d5",
    "projectName" : "LB_StockQuoteFH2",
    "projectVersion" : "V11",
    "projectType" : "Fusion"
  } ]
}