{
  "component_config_id" : "dbc514a6-4a34-446d-8211-17d25e0b4192",
  "endpoint_config_json" : {
    "type" : "jsonb",
    "value" : "{\"crossRef\": [], \"services\": [], \"multistep\": [], \"operations\": []}",
    "null" : false
  },
  "input_config_json" : {
    "type" : "jsonb",
    "value" : "{\"crossRef\": [], \"services\": [], \"multistep\": [], \"operations\": []}",
    "null" : false
  },
  "output_config_json" : {
    "type" : "jsonb",
    "value" : "{\"crossRef\": [], \"services\": [], \"multistep\": [], \"operations\": [{\"map\": {\"id\": \"ea70bb39-0781-4699-bbfb-9f2169056a91\", \"root\": false, \"type\": \"setValue\", \"cached\": false, \"target\": \"/ResponseStatus\", \"mapNull\": false, \"disabled\": false, \"extractXml\": false, \"extractJson\": false, \"targetOrder\": 1.0, \"targetValue\": \"204\", \"mapEmptyString\": false, \"targetJavaType\": \"java.lang.Integer\", \"variableSubstitution\": false}}, {\"map\": {\"id\": \"c19494fd-4981-49a0-938c-f8a9e4494a57\", \"root\": false, \"type\": \"setValue\", \"cached\": false, \"target\": \"/ResponseBody\", \"mapNull\": false, \"disabled\": false, \"extractXml\": false, \"extractJson\": false, \"targetOrder\": 1.0, \"targetValue\": \"{\\n    \\\"message\\\": \\\"Bad symbol\\\"\\n}\", \"mapEmptyString\": false, \"targetJavaType\": \"java.lang.String\", \"variableSubstitution\": false}}]}",
    "null" : false
  },
  "component_id" : "8ac5fe03-27a2-4e6a-a449-6a8893818223",
  "service_id" : "bd3487bf-7da9-4af8-a5ed-3b1f77dd6820",
  "endpoint_id" : null,
  "parent_component_config_id" : "05c76718-eb31-4e61-b07d-ec4b4d14d34e",
  "component_config_order" : 3.0,
  "action_id" : "06843b78-eab0-45da-afab-8c8277d7553f",
  "name" : "Set 500 response",
  "description" : "",
  "override_endpoint" : false,
  "input_structure_json" : {
    "type" : "jsonb",
    "value" : "{\"maps\": [], \"mappedNodes\": [\"/ResponseStatuspipeOut\", \"/ResponseBodypipeOut\", \"/ResponseBodypipeOut\", \"/ResponseStatuspipeOut\", \"/ResponseBodypipeOut\"]}",
    "null" : false
  },
  "output_structure_json" : {
    "type" : "jsonb",
    "value" : "{\"maps\": [{\"/ResponseStatus\": [{\"type\": \"setValue\", \"order\": 1, \"target\": {\"path\": \"/ResponseStatus\", \"order\": 1, \"title\": \"ResponseStatus\", \"dataElementType\": \"integer\"}, \"values\": [{\"id\": \"f4572fbc-bf95-45a1-a068-537e8461a6d0\", \"key\": \"/ResponseStatus\", \"type\": \"node\", \"order\": 1, \"title\": \"ResponseStatus\", \"children\": [], \"setValue\": null, \"editAllow\": true, \"uiElement\": \"204\", \"isSetValue\": false, \"childrenSet\": false, \"hasChildren\": false, \"componentName\": \"Declare vars\", \"dataElementType\": \"integer\", \"componentConfigId\": \"1526c82f-aaa1-485a-b096-d8b5cebcb123\", \"componentConfigName\": \"Map\", \"encryption_required\": false}], \"mapCondition\": {\"isConditionSet\": false, \"sourceTreeIndex\": [], \"targetTreeIndex\": [], \"mapConditionFormValue\": {}}, \"dataElementType\": \"integer\", \"variableSubstitution\": false, \"overwritePipelineValue\": false}]}, {\"/ResponseBody\": [{\"type\": \"setValue\", \"order\": 1, \"target\": {\"path\": \"/ResponseBody\", \"order\": 1, \"title\": \"ResponseBody\", \"dataElementType\": \"string\"}, \"values\": [{\"id\": \"b29b1404-de88-4531-85eb-3e54307cdcaa\", \"key\": \"/ResponseBody\", \"type\": \"node\", \"order\": 1, \"title\": \"ResponseBody\", \"children\": [], \"setValue\": null, \"editAllow\": true, \"uiElement\": \"{\\n    \\\"message\\\": \\\"Bad symbol\\\"\\n}\", \"isSetValue\": false, \"childrenSet\": false, \"hasChildren\": false, \"componentName\": \"Declare vars\", \"dataElementType\": \"string\", \"componentConfigId\": \"1526c82f-aaa1-485a-b096-d8b5cebcb123\", \"componentConfigName\": \"Map\", \"encryption_required\": false}], \"mapCondition\": {\"isConditionSet\": false, \"sourceTreeIndex\": [], \"targetTreeIndex\": [], \"mapConditionFormValue\": {}}, \"dataElementType\": \"string\", \"variableSubstitution\": false, \"overwritePipelineValue\": false}]}], \"tracks\": {}, \"transformer\": []}",
    "null" : false
  },
  "endpoint_structure_json" : {
    "type" : "jsonb",
    "value" : "{\"maps\": []}",
    "null" : false
  },
  "is_error" : false,
  "no_of_errors" : 0,
  "action_input_type" : null,
  "config_service_id" : null,
  "config_imap_id" : null,
  "config_b2b_document_type_id" : null,
  "config_document_id" : null,
  "add_variables" : {
    "type" : "jsonb",
    "value" : "[]",
    "null" : false
  },
  "drop_variables" : {
    "type" : "jsonb",
    "value" : "[]",
    "null" : false
  },
  "plug_input_structure" : null,
  "plug_output_structure" : null,
  "config_plug_id" : null,
  "override_plug" : false,
  "config_java_service_id" : null,
  "service_tag" : "EMPTY",
  "endpoint_tag" : null,
  "config_service_tag" : "",
  "config_imap_tag" : "",
  "config_b2b_document_type_tag" : "",
  "active" : true,
  "parent_component_config_service_tag" : "EMPTY",
  "service_project_id" : "d15a3eea-56b1-4b22-8e37-6a178b5611d5",
  "service_project_tag" : "EMPTY",
  "config_service_project_id" : null,
  "config_service_project_tag" : "",
  "config_imap_project_id" : null,
  "config_imap_project_tag" : "",
  "config_b2b_document_type_project_id" : null,
  "config_b2b_document_type_project_tag" : "",
  "endpoint_project_id" : null,
  "endpoint_project_tag" : null,
  "config_plug_tag" : null,
  "config_plug_project_id" : null,
  "config_plug_project_tag" : null,
  "config_java_service_tag" : "",
  "config_java_service_project_id" : null,
  "config_java_service_project_tag" : "",
  "disabled" : false,
  "config" : null,
  "config_b2b_document_type_project_mode_id" : "112c1cb8-4b9e-4d1a-a042-0bd031dc7d05",
  "config_imap_project_mode_id" : "112c1cb8-4b9e-4d1a-a042-0bd031dc7d05",
  "config_java_service_project_mode_id" : "112c1cb8-4b9e-4d1a-a042-0bd031dc7d05",
  "config_plug_project_mode_id" : "112c1cb8-4b9e-4d1a-a042-0bd031dc7d05",
  "config_service_project_mode_id" : "112c1cb8-4b9e-4d1a-a042-0bd031dc7d05",
  "endpoint_project_mode_id" : "112c1cb8-4b9e-4d1a-a042-0bd031dc7d05",
  "service_project_mode_id" : "112c1cb8-4b9e-4d1a-a042-0bd031dc7d05",
  "parent_component_config_service_project_mode_id" : "112c1cb8-4b9e-4d1a-a042-0bd031dc7d05",
  "is_audit" : true,
  "keys_with_order" : null
}