{
  "id" : "510dabfe-c58a-480b-a2da-895ca5930a63",
  "type" : "apikey",
  "project_tag" : "V4",
  "name" : "APIKey",
  "description" : null,
  "apikey_key_name" : "x-api-key",
  "entity_id" : "642bc54a-7486-494e-b334-10ce8a43bfb3",
  "jwks_uri" : null,
  "jwks_timeout" : null,
  "cache_duration" : null,
  "clock_skew" : null,
  "client_id_key" : null,
  "issuer" : null,
  "audiences" : {
    "type" : "jsonb",
    "value" : "[]",
    "null" : false
  },
  "flows" : {
    "type" : "jsonb",
    "value" : "[]",
    "null" : false
  },
  "scopes" : {
    "type" : "jsonb",
    "value" : "{}",
    "null" : false
  },
  "scopes_claim" : "scp",
  "forward_credentials_on_success" : false,
  "forward_payload_header" : null,
  "identity_provider_id" : null,
  "apikey_location" : "HEADER"
}