{
  "id" : "775e9070-4ea8-44af-9615-750ad00fbb55",
  "name" : "PostgresWatchlistDeleteBySymbol",
  "component_id" : "dc16ccf6-67f4-4135-95ca-42e055af53c4",
  "endpoint_id" : "994a114d-5467-4491-8567-41b783a61f27",
  "action_id" : "97371660-b1ec-43ad-84a5-ad2955eec0f5",
  "structure_json" : {
    "type" : "jsonb",
    "value" : "{\"batch\": false, \"count\": null, \"joins\": [], \"limit\": null, \"nulls\": \"\", \"where\": {\"predicates\": [{\"id\": \"54b13f9b-8e95-48cb-90a0-b80d5c044724\", \"path\": \"watchlist.symbol\", \"type\": \"string\", \"field\": \"watchlist.symbol\", \"value\": \":watchlist.symbol\", \"isGroup\": false, \"children\": null, \"operator\": \"=\", \"operation\": \"&&\", \"soap_type\": \"\", \"actualType\": \"varchar\", \"dataElementPath\": \"watchlist.symbol\", \"dataElementType\": \"string\"}, {\"id\": \"47290f48-3901-4a4a-a0b6-65bb7061d697\", \"path\": \"watchlist.userid\", \"field\": \"watchlist.userid\", \"value\": \":watchlist.userid\", \"isGroup\": false, \"children\": null, \"operator\": \"=\", \"operation\": null, \"actualType\": \"varchar\", \"dataElementPath\": \"watchlist.userid\", \"dataElementType\": \"string\"}]}, \"action\": \"Delete\", \"entity\": \"{\\\"name\\\":\\\"public\\\",\\\"label\\\":\\\"public\\\",\\\"hasChildren\\\":true,\\\"children\\\":{\\\"displayName\\\":\\\"Tables\\\",\\\"items\\\":[{\\\"name\\\":\\\"watchlist\\\",\\\"label\\\":\\\"watchlist\\\",\\\"hasChildren\\\":false,\\\"nextDropdown\\\":false,\\\"mainEntity\\\":false,\\\"checked\\\":true}]},\\\"nextDropdown\\\":false,\\\"mainEntity\\\":false,\\\"displayName\\\":\\\"Schemas\\\"}\", \"fields\": [{\"key\": \"watchlist\", \"name\": \"watchlist\", \"path\": \"watchlist\", \"type\": \"document\", \"label\": \"watchlist\", \"checked\": true, \"children\": [{\"key\": \"/watchlist/id\", \"name\": \"id\", \"path\": \"watchlist.id\", \"type\": \"number\", \"label\": \"id\", \"checked\": true, \"readonly\": false, \"required\": true, \"actualType\": \"serial\", \"columnIndex\": 1, \"hasChildren\": false, \"inputCategory\": false, \"dataElementPath\": \"watchlist.id\"}, {\"key\": \"/watchlist/symbol\", \"name\": \"symbol\", \"path\": \"watchlist.symbol\", \"type\": \"string\", \"label\": \"symbol\", \"checked\": true, \"readonly\": false, \"required\": true, \"actualType\": \"varchar\", \"columnIndex\": 2, \"hasChildren\": false, \"inputCategory\": false, \"dataElementPath\": \"watchlist.symbol\"}, {\"key\": \"/watchlist/userid\", \"name\": \"userid\", \"path\": \"watchlist.userid\", \"type\": \"string\", \"label\": \"userid\", \"checked\": true, \"readonly\": false, \"required\": true, \"actualType\": \"varchar\", \"columnIndex\": 3, \"hasChildren\": false, \"inputCategory\": false, \"dataElementPath\": \"watchlist.userid\"}, {\"key\": \"/watchlist/created_at\", \"name\": \"created_at\", \"path\": \"watchlist.created_at\", \"type\": \"string\", \"label\": \"created_at\", \"checked\": true, \"readonly\": false, \"required\": true, \"actualType\": \"timestamptz\", \"columnIndex\": 4, \"hasChildren\": false, \"inputCategory\": false, \"dataElementPath\": \"watchlist.created_at\"}], \"hasChildren\": true, \"dataElementPath\": \"watchlist\"}], \"uiConfig\": {\"keys\": [\"watchlist.id\", \"watchlist.symbol\", \"watchlist.userid\", \"watchlist.created_at\", \"watchlist\"], \"limit\": false, \"where\": true, \"orderBy\": false, \"operators\": {\"where\": [\"=\", \"!=\", \">\", \"<\", \">=\", \"<=\", \"IS NOT NULL\", \"IS NULL\", \"BETWEEN\", \"IN\"]}, \"skippable\": false, \"supportJoin\": false, \"disableFields\": true, \"selectedTableList\": [{\"name\": \"watchlist\", \"label\": \"watchlist\", \"checked\": true, \"mainEntity\": false, \"hasChildren\": false, \"nextDropdown\": false}], \"batchConfiguration\": {\"skippable\": false, \"maxBatchSize\": 100, \"batchSupported\": true}, \"includeReferenceFields\": false, \"supportsExternalFields\": false, \"supportsReferenceFields\": false}, \"allOrNone\": false, \"inputFields\": {}, \"databaseType\": \"PostgreSql\", \"externalFields\": [], \"referenceFields\": []}",
    "null" : false
  },
  "config_json" : {
    "type" : "jsonb",
    "value" : "{\"batch\": false, \"count\": null, \"joins\": [], \"limit\": null, \"nulls\": \"\", \"where\": {\"predicates\": [{\"id\": \"54b13f9b-8e95-48cb-90a0-b80d5c044724\", \"path\": \"watchlist.symbol\", \"type\": \"string\", \"field\": \"watchlist.symbol\", \"value\": \":watchlist.symbol\", \"isGroup\": false, \"children\": null, \"operator\": \"=\", \"operation\": \"&&\", \"soap_type\": \"\", \"actualType\": \"varchar\", \"dataElementPath\": \"watchlist.symbol\", \"dataElementType\": \"string\"}, {\"id\": \"47290f48-3901-4a4a-a0b6-65bb7061d697\", \"path\": \"watchlist.userid\", \"field\": \"watchlist.userid\", \"value\": \":watchlist.userid\", \"isGroup\": false, \"children\": null, \"operator\": \"=\", \"operation\": null, \"actualType\": \"varchar\", \"dataElementPath\": \"watchlist.userid\", \"dataElementType\": \"string\"}]}, \"action\": \"Delete\", \"entity\": \"{\\\"name\\\":\\\"public\\\",\\\"label\\\":\\\"public\\\",\\\"hasChildren\\\":true,\\\"children\\\":{\\\"displayName\\\":\\\"Tables\\\",\\\"items\\\":[{\\\"name\\\":\\\"watchlist\\\",\\\"label\\\":\\\"watchlist\\\",\\\"hasChildren\\\":false,\\\"nextDropdown\\\":false,\\\"mainEntity\\\":false,\\\"checked\\\":true}]},\\\"nextDropdown\\\":false,\\\"mainEntity\\\":false,\\\"displayName\\\":\\\"Schemas\\\"}\", \"fields\": [{\"key\": \"watchlist\", \"name\": \"watchlist\", \"path\": \"watchlist\", \"type\": \"document\", \"label\": \"watchlist\", \"checked\": true, \"children\": [{\"key\": \"/watchlist/id\", \"name\": \"id\", \"path\": \"watchlist.id\", \"type\": \"number\", \"label\": \"id\", \"checked\": true, \"readonly\": false, \"required\": true, \"actualType\": \"serial\", \"columnIndex\": 1, \"hasChildren\": false, \"inputCategory\": false, \"dataElementPath\": \"watchlist.id\"}, {\"key\": \"/watchlist/symbol\", \"name\": \"symbol\", \"path\": \"watchlist.symbol\", \"type\": \"string\", \"label\": \"symbol\", \"checked\": true, \"readonly\": false, \"required\": true, \"actualType\": \"varchar\", \"columnIndex\": 2, \"hasChildren\": false, \"inputCategory\": false, \"dataElementPath\": \"watchlist.symbol\"}, {\"key\": \"/watchlist/userid\", \"name\": \"userid\", \"path\": \"watchlist.userid\", \"type\": \"string\", \"label\": \"userid\", \"checked\": true, \"readonly\": false, \"required\": true, \"actualType\": \"varchar\", \"columnIndex\": 3, \"hasChildren\": false, \"inputCategory\": false, \"dataElementPath\": \"watchlist.userid\"}, {\"key\": \"/watchlist/created_at\", \"name\": \"created_at\", \"path\": \"watchlist.created_at\", \"type\": \"string\", \"label\": \"created_at\", \"checked\": true, \"readonly\": false, \"required\": true, \"actualType\": \"timestamptz\", \"columnIndex\": 4, \"hasChildren\": false, \"inputCategory\": false, \"dataElementPath\": \"watchlist.created_at\"}], \"hasChildren\": true, \"dataElementPath\": \"watchlist\"}], \"uiConfig\": {\"keys\": [\"watchlist.id\", \"watchlist.symbol\", \"watchlist.userid\", \"watchlist.created_at\", \"watchlist\"], \"limit\": false, \"where\": true, \"orderBy\": false, \"operators\": {\"where\": [\"=\", \"!=\", \">\", \"<\", \">=\", \"<=\", \"IS NOT NULL\", \"IS NULL\", \"BETWEEN\", \"IN\"]}, \"skippable\": false, \"supportJoin\": false, \"disableFields\": true, \"selectedTableList\": [{\"name\": \"watchlist\", \"label\": \"watchlist\", \"checked\": true, \"mainEntity\": false, \"hasChildren\": false, \"nextDropdown\": false}], \"batchConfiguration\": {\"skippable\": false, \"maxBatchSize\": 100, \"batchSupported\": true}, \"includeReferenceFields\": false, \"supportsExternalFields\": false, \"supportsReferenceFields\": false}, \"allOrNone\": false, \"inputFields\": {}, \"databaseType\": \"PostgreSql\", \"externalFields\": [], \"referenceFields\": []}",
    "null" : false
  },
  "display_query" : "DELETE FROM public.watchlist WHERE  watchlist.symbol = :where_watchlist_symbol AND  watchlist.userid = :where_watchlist_userid  ",
  "input_structure" : {
    "type" : "jsonb",
    "value" : "[{\"key\": \"/PostgresWatchlistDeleteBySymbolInput\", \"type\": \"object\", \"order\": 1.0, \"title\": \"PostgresWatchlistDeleteBySymbolInput\", \"value\": {\"type\": \"object\"}, \"children\": [{\"key\": \"/PostgresWatchlistDeleteBySymbolInput/where[]\", \"type\": \"array\", \"order\": 2.0, \"title\": \"where\", \"value\": {\"type\": \"array\"}, \"children\": [{\"key\": \"/PostgresWatchlistDeleteBySymbolInput/where[]/where_watchlist_symbol\", \"type\": \"string\", \"order\": 3.0, \"title\": \"watchlist_symbol\", \"value\": {\"type\": \"string\"}, \"hasChildren\": false, \"dataElementType\": \"string\"}, {\"key\": \"/PostgresWatchlistDeleteBySymbolInput/where[]/where_watchlist_userid\", \"type\": \"string\", \"order\": 4.0, \"title\": \"watchlist_userid\", \"value\": {\"type\": \"string\"}, \"hasChildren\": false, \"dataElementType\": \"string\"}], \"hasChildren\": false, \"dataElementType\": \"documentArray\"}], \"hasChildren\": false, \"dataElementType\": \"document\"}]",
    "null" : false
  },
  "output_structure" : {
    "type" : "jsonb",
    "value" : "[{\"key\": \"/PostgresWatchlistDeleteBySymbolOutput\", \"type\": \"object\", \"order\": 1.0, \"title\": \"PostgresWatchlistDeleteBySymbolOutput\", \"value\": {\"type\": \"object\"}, \"children\": [{\"key\": \"/PostgresWatchlistDeleteBySymbolOutput/success\", \"type\": \"boolean\", \"order\": 2.0, \"title\": \"success\", \"value\": {\"type\": \"object\"}, \"hasChildren\": false, \"dataElementType\": \"boolean\"}, {\"key\": \"/PostgresWatchlistDeleteBySymbolOutput/response\", \"type\": \"object\", \"order\": 3.0, \"title\": \"response\", \"value\": {\"type\": \"object\"}, \"children\": [{\"key\": \"/PostgresWatchlistDeleteBySymbolOutput/response/rowsUpdated\", \"type\": \"integer\", \"order\": 4.0, \"title\": \"rowsUpdated\", \"value\": {\"type\": \"integer\"}, \"hasChildren\": false, \"dataElementType\": \"integer\"}], \"hasChildren\": true, \"dataElementType\": \"document\"}, {\"key\": \"/PostgresWatchlistDeleteBySymbolOutput/errors[]\", \"type\": \"array\", \"order\": 5.0, \"title\": \"errors\", \"value\": {}, \"children\": [{\"key\": \"/PostgresWatchlistDeleteBySymbolOutput/errors[]/error\", \"type\": \"object\", \"order\": 6.0, \"title\": \"error\", \"value\": {\"type\": \"object\"}, \"children\": [{\"key\": \"/PostgresWatchlistDeleteBySymbolOutput/errors[]/error/message\", \"type\": \"string\", \"order\": 7.0, \"title\": \"message\", \"value\": {\"type\": \"object\"}, \"hasChildren\": false, \"dataElementType\": \"string\"}], \"hasChildren\": true, \"dataElementType\": \"document\"}], \"hasChildren\": true, \"dataElementType\": \"documentArray\"}], \"hasChildren\": false, \"dataElementType\": \"document\"}]",
    "null" : false
  },
  "description" : "",
  "comments" : "",
  "db_query" : "DELETE FROM public.watchlist WHERE  watchlist.symbol = :where_watchlist_symbol AND  watchlist.userid = :where_watchlist_userid  ",
  "tag" : "V4",
  "active" : false,
  "is_changed" : true,
  "endpoint_tag" : "EMPTY",
  "endpoint_project_id" : "ff43f984-d7dc-4e43-9c26-837e5d52773f",
  "endpoint_project_tag" : "EMPTY",
  "comment" : "Added appid header retrieval and using this for the userid of my stock symbol table. This enabled the MCP Server to support multiple users. I just create a different Fusion App with ID for each user and give the user their ID",
  "input_data_object_id" : null,
  "input_data_object_tag" : "EMPTY",
  "input_data_object_project_id" : null,
  "input_data_object_project_tag" : "EMPTY",
  "output_data_object_id" : null,
  "output_data_object_tag" : "EMPTY",
  "output_data_object_project_id" : null,
  "output_data_object_project_tag" : "EMPTY",
  "base_tag" : "V3",
  "endpoint_project_mode_id" : "112c1cb8-4b9e-4d1a-a042-0bd031dc7d05",
  "input_data_object_project_mode_id" : "112c1cb8-4b9e-4d1a-a042-0bd031dc7d05",
  "output_data_object_project_mode_id" : "112c1cb8-4b9e-4d1a-a042-0bd031dc7d05",
  "test_input" : {
    "type" : "jsonb",
    "value" : "{}",
    "null" : false
  },
  "test_input_structure" : {
    "type" : "jsonb",
    "value" : "[{\"key\": \"/PostgresWatchlistDeleteBySymbolInput\", \"type\": \"object\", \"order\": 1.0, \"title\": \"PostgresWatchlistDeleteBySymbolInput\", \"value\": {\"type\": \"object\"}, \"children\": [{\"key\": \"/PostgresWatchlistDeleteBySymbolInput/where[]\", \"type\": \"array\", \"order\": 2.0, \"title\": \"where\", \"value\": {\"type\": \"array\"}, \"children\": [{\"key\": \"/PostgresWatchlistDeleteBySymbolInput/where[]/where_watchlist_symbol\", \"type\": \"string\", \"order\": 3.0, \"title\": \"watchlist_symbol\", \"value\": {\"type\": \"string\"}, \"hasChildren\": false, \"dataElementType\": \"string\"}, {\"key\": \"/PostgresWatchlistDeleteBySymbolInput/where[]/where_watchlist_userid\", \"type\": \"string\", \"order\": 4.0, \"title\": \"watchlist_userid\", \"value\": {\"type\": \"string\"}, \"hasChildren\": false, \"dataElementType\": \"string\"}], \"hasChildren\": false, \"dataElementType\": \"documentArray\"}], \"hasChildren\": false, \"dataElementType\": \"document\"}]",
    "null" : false
  }
}