{
  "id" : "bd3487bf-7da9-4af8-a5ed-3b1f77dd6820",
  "name" : "quote_https1",
  "description" : "single stock quote",
  "iserror" : false,
  "no_of_errors" : 0,
  "service_input" : null,
  "service_output" : null,
  "service_input_json_schema" : null,
  "service_output_json_schema" : null,
  "type" : "EVENTDRIVEN",
  "error_handler" : false,
  "tag" : "V11",
  "active" : false,
  "is_changed" : false,
  "comment" : "Added GetErrorObject to TryCatch Error Hadnling",
  "base_tag" : "V10",
  "test_input" : {
    "type" : "jsonb",
    "value" : "[]",
    "null" : false
  },
  "test_input_structure" : {
    "type" : "jsonb",
    "value" : "[]",
    "null" : false
  }
}