{
  "id" : "d406e4c2-296f-4c5c-8261-2117678cbdef",
  "name" : "watchlist_https1",
  "description" : "watch list",
  "iserror" : false,
  "no_of_errors" : 0,
  "service_input" : null,
  "service_output" : null,
  "service_input_json_schema" : null,
  "service_output_json_schema" : null,
  "type" : "EVENTDRIVEN",
  "error_handler" : false,
  "tag" : "V11",
  "active" : false,
  "is_changed" : false,
  "comment" : "Added GetErrorObject to TryCatch Error Hadnling",
  "base_tag" : "V10",
  "test_input" : {
    "type" : "jsonb",
    "value" : "[]",
    "null" : false
  },
  "test_input_structure" : {
    "type" : "jsonb",
    "value" : "[]",
    "null" : false
  }
}