{
  "id" : "d15a3eea-56b1-4b22-8e37-6a178b5611d5",
  "name" : "LB_StockQuoteFH2",
  "createdOn" : "2024-10-19T16:13:43.042",
  "modifiedOn" : "2025-09-22T14:58:40.544",
  "createdBy" : "fbe89da3-e0bb-4982-bd59-d46f52883257",
  "modifiedBy" : "fbe89da3-e0bb-4982-bd59-d46f52883257",
  "projectDescription" : "Stock Quote Watchlist API based on Finnhub.io US Stock Exchange",
  "active" : false,
  "tag" : "V11",
  "comment" : "Added GetErrorObject to TryCatch Error Hadnling",
  "baseTag" : "V10",
  "modeId" : "112c1cb8-4b9e-4d1a-a042-0bd031dc7d05",
  "deployedOn" : null,
  "details" : null,
  "projectType" : "Fusion"
}