{
  "id" : "e97665c0-412d-4b43-a3ce-99eae8ab542a",
  "name" : "PostgresWatchlistInsert",
  "component_id" : "dc16ccf6-67f4-4135-95ca-42e055af53c4",
  "endpoint_id" : "994a114d-5467-4491-8567-41b783a61f27",
  "action_id" : "6cdeb30f-78b6-4b81-a7c0-661b2a023904",
  "structure_json" : {
    "type" : "jsonb",
    "value" : "{\"batch\": false, \"count\": null, \"joins\": [], \"limit\": null, \"nulls\": \"\", \"where\": {\"predicates\": []}, \"action\": \"Insert\", \"entity\": \"{\\\"name\\\":\\\"public\\\",\\\"label\\\":\\\"public\\\",\\\"hasChildren\\\":true,\\\"children\\\":{\\\"displayName\\\":\\\"Tables\\\",\\\"items\\\":[{\\\"name\\\":\\\"watchlist\\\",\\\"label\\\":\\\"watchlist\\\",\\\"hasChildren\\\":false,\\\"nextDropdown\\\":false,\\\"mainEntity\\\":false,\\\"checked\\\":true}]},\\\"nextDropdown\\\":false,\\\"mainEntity\\\":false,\\\"displayName\\\":\\\"Schemas\\\"}\", \"fields\": [{\"key\": \"watchlist\", \"name\": \"watchlist\", \"path\": \"watchlist\", \"type\": \"document\", \"label\": \"watchlist\", \"checked\": false, \"children\": [{\"key\": \"/watchlist/symbol\", \"name\": \"symbol\", \"path\": \"watchlist.symbol\", \"type\": \"string\", \"label\": \"symbol\", \"checked\": true, \"readonly\": false, \"required\": true, \"actualType\": \"varchar\", \"columnIndex\": 1, \"hasChildren\": false, \"indeterminate\": false, \"inputCategory\": false, \"dataElementPath\": \"watchlist.symbol\"}, {\"key\": \"/watchlist/userid\", \"name\": \"userid\", \"path\": \"watchlist.userid\", \"type\": \"string\", \"label\": \"userid\", \"checked\": true, \"readonly\": false, \"required\": true, \"actualType\": \"varchar\", \"columnIndex\": 2, \"hasChildren\": false, \"indeterminate\": false, \"inputCategory\": false, \"dataElementPath\": \"watchlist.userid\"}], \"hasChildren\": true, \"indeterminate\": true, \"dataElementPath\": \"watchlist\"}], \"uiConfig\": {\"keys\": [\"watchlist.symbol\", \"watchlist.userid\", \"watchlist\"], \"limit\": false, \"where\": false, \"orderBy\": false, \"operators\": {\"where\": [\"=\", \"!=\", \">\", \"<\", \">=\", \"<=\", \"IS NOT NULL\", \"IS NULL\", \"BETWEEN\", \"IN\"]}, \"skippable\": false, \"supportJoin\": false, \"disableFields\": false, \"metadataKeyName\": \"fields\", \"selectedTableList\": [{\"name\": \"watchlist\", \"label\": \"watchlist\", \"checked\": true, \"mainEntity\": false, \"hasChildren\": false, \"nextDropdown\": false}], \"batchConfiguration\": {\"skippable\": false, \"maxBatchSize\": 100, \"batchSupported\": true}, \"includeReferenceFields\": false, \"supportsExternalFields\": false, \"supportsReferenceFields\": false}, \"allOrNone\": false, \"deleteAll\": {\"name\": \"deleteAll\", \"type\": \"boolean\", \"label\": \"OVERWRITE\", \"checked\": false, \"hasChildren\": false}, \"inputFields\": {}, \"databaseType\": \"PostgreSql\", \"externalFields\": [], \"referenceFields\": []}",
    "null" : false
  },
  "config_json" : {
    "type" : "jsonb",
    "value" : "{\"batch\": false, \"count\": null, \"joins\": [], \"limit\": null, \"nulls\": \"\", \"where\": {\"predicates\": []}, \"action\": \"Insert\", \"entity\": \"{\\\"name\\\":\\\"public\\\",\\\"label\\\":\\\"public\\\",\\\"hasChildren\\\":true,\\\"children\\\":{\\\"displayName\\\":\\\"Tables\\\",\\\"items\\\":[{\\\"name\\\":\\\"watchlist\\\",\\\"label\\\":\\\"watchlist\\\",\\\"hasChildren\\\":false,\\\"nextDropdown\\\":false,\\\"mainEntity\\\":false,\\\"checked\\\":true}]},\\\"nextDropdown\\\":false,\\\"mainEntity\\\":false,\\\"displayName\\\":\\\"Schemas\\\"}\", \"fields\": [{\"key\": \"watchlist\", \"name\": \"watchlist\", \"path\": \"watchlist\", \"type\": \"document\", \"label\": \"watchlist\", \"checked\": false, \"children\": [{\"key\": \"/watchlist/symbol\", \"name\": \"symbol\", \"path\": \"watchlist.symbol\", \"type\": \"string\", \"label\": \"symbol\", \"checked\": true, \"readonly\": false, \"required\": true, \"actualType\": \"varchar\", \"columnIndex\": 1, \"hasChildren\": false, \"indeterminate\": false, \"inputCategory\": false, \"dataElementPath\": \"watchlist.symbol\"}, {\"key\": \"/watchlist/userid\", \"name\": \"userid\", \"path\": \"watchlist.userid\", \"type\": \"string\", \"label\": \"userid\", \"checked\": true, \"readonly\": false, \"required\": true, \"actualType\": \"varchar\", \"columnIndex\": 2, \"hasChildren\": false, \"indeterminate\": false, \"inputCategory\": false, \"dataElementPath\": \"watchlist.userid\"}], \"hasChildren\": true, \"indeterminate\": true, \"dataElementPath\": \"watchlist\"}], \"uiConfig\": {\"keys\": [\"watchlist.symbol\", \"watchlist.userid\", \"watchlist\"], \"limit\": false, \"where\": false, \"orderBy\": false, \"operators\": {\"where\": [\"=\", \"!=\", \">\", \"<\", \">=\", \"<=\", \"IS NOT NULL\", \"IS NULL\", \"BETWEEN\", \"IN\"]}, \"skippable\": false, \"supportJoin\": false, \"disableFields\": false, \"metadataKeyName\": \"fields\", \"selectedTableList\": [{\"name\": \"watchlist\", \"label\": \"watchlist\", \"checked\": true, \"mainEntity\": false, \"hasChildren\": false, \"nextDropdown\": false}], \"batchConfiguration\": {\"skippable\": false, \"maxBatchSize\": 100, \"batchSupported\": true}, \"includeReferenceFields\": false, \"supportsExternalFields\": false, \"supportsReferenceFields\": false}, \"allOrNone\": false, \"deleteAll\": {\"name\": \"deleteAll\", \"type\": \"boolean\", \"label\": \"OVERWRITE\", \"checked\": false, \"hasChildren\": false}, \"inputFields\": {}, \"databaseType\": \"PostgreSql\", \"externalFields\": [], \"referenceFields\": []}",
    "null" : false
  },
  "display_query" : "INSERT INTO public.watchlist ( symbol , userid )  VALUES (:symbol , :userid ) ",
  "input_structure" : {
    "type" : "jsonb",
    "value" : "[{\"key\": \"/PostgresWatchlistInsertInput\", \"type\": \"object\", \"order\": 1.0, \"title\": \"PostgresWatchlistInsertInput\", \"value\": {\"type\": \"object\"}, \"children\": [{\"key\": \"/PostgresWatchlistInsertInput/insert[]\", \"type\": \"array\", \"order\": 2.0, \"title\": \"insert\", \"value\": {\"type\": \"array\"}, \"children\": [{\"key\": \"/PostgresWatchlistInsertInput/insert[]/symbol\", \"type\": \"string\", \"order\": 3.0, \"title\": \"symbol\", \"value\": {\"type\": \"string\"}, \"hasChildren\": false, \"dataElementType\": \"string\"}, {\"key\": \"/PostgresWatchlistInsertInput/insert[]/userid\", \"type\": \"string\", \"order\": 4.0, \"title\": \"userid\", \"value\": {\"type\": \"string\"}, \"hasChildren\": false, \"dataElementType\": \"string\"}], \"hasChildren\": false, \"dataElementType\": \"documentArray\"}], \"hasChildren\": false, \"dataElementType\": \"document\"}]",
    "null" : false
  },
  "output_structure" : {
    "type" : "jsonb",
    "value" : "[{\"key\": \"/PostgresWatchlistInsertOutput\", \"type\": \"object\", \"order\": 1.0, \"title\": \"PostgresWatchlistInsertOutput\", \"value\": {\"type\": \"object\"}, \"children\": [{\"key\": \"/PostgresWatchlistInsertOutput/success\", \"type\": \"boolean\", \"order\": 2.0, \"title\": \"success\", \"value\": {\"type\": \"object\"}, \"hasChildren\": false, \"dataElementType\": \"boolean\"}, {\"key\": \"/PostgresWatchlistInsertOutput/response\", \"type\": \"object\", \"order\": 3.0, \"title\": \"response\", \"value\": {\"type\": \"object\"}, \"children\": [{\"key\": \"/PostgresWatchlistInsertOutput/response/rowsInserted\", \"type\": \"integer\", \"order\": 4.0, \"title\": \"rowsInserted\", \"value\": {\"type\": \"integer\"}, \"hasChildren\": false, \"dataElementType\": \"integer\"}], \"hasChildren\": true, \"dataElementType\": \"document\"}, {\"key\": \"/PostgresWatchlistInsertOutput/errors[]\", \"type\": \"array\", \"order\": 5.0, \"title\": \"errors\", \"value\": {}, \"children\": [{\"key\": \"/PostgresWatchlistInsertOutput/errors[]/error\", \"type\": \"object\", \"order\": 6.0, \"title\": \"error\", \"value\": {\"type\": \"object\"}, \"children\": [{\"key\": \"/PostgresWatchlistInsertOutput/errors[]/error/message\", \"type\": \"string\", \"order\": 7.0, \"title\": \"message\", \"value\": {\"type\": \"object\"}, \"hasChildren\": false, \"dataElementType\": \"string\"}], \"hasChildren\": true, \"dataElementType\": \"document\"}], \"hasChildren\": true, \"dataElementType\": \"documentArray\"}], \"hasChildren\": false, \"dataElementType\": \"document\"}]",
    "null" : false
  },
  "description" : "",
  "comments" : "",
  "db_query" : "INSERT INTO public.watchlist ( symbol , userid )  VALUES (:symbol , :userid ) ",
  "tag" : "V5",
  "active" : false,
  "is_changed" : false,
  "endpoint_tag" : "EMPTY",
  "endpoint_project_id" : "ff43f984-d7dc-4e43-9c26-837e5d52773f",
  "endpoint_project_tag" : "EMPTY",
  "comment" : "Fixed get watch list tool error when no symbols found",
  "input_data_object_id" : null,
  "input_data_object_tag" : "EMPTY",
  "input_data_object_project_id" : null,
  "input_data_object_project_tag" : "EMPTY",
  "output_data_object_id" : null,
  "output_data_object_tag" : "EMPTY",
  "output_data_object_project_id" : null,
  "output_data_object_project_tag" : "EMPTY",
  "base_tag" : "V4",
  "endpoint_project_mode_id" : "112c1cb8-4b9e-4d1a-a042-0bd031dc7d05",
  "input_data_object_project_mode_id" : "112c1cb8-4b9e-4d1a-a042-0bd031dc7d05",
  "output_data_object_project_mode_id" : "112c1cb8-4b9e-4d1a-a042-0bd031dc7d05",
  "test_input" : {
    "type" : "jsonb",
    "value" : "{}",
    "null" : false
  },
  "test_input_structure" : {
    "type" : "jsonb",
    "value" : "[{\"key\": \"/PostgresWatchlistInsertInput\", \"type\": \"object\", \"order\": 1.0, \"title\": \"PostgresWatchlistInsertInput\", \"value\": {\"type\": \"object\"}, \"children\": [{\"key\": \"/PostgresWatchlistInsertInput/insert[]\", \"type\": \"array\", \"order\": 2.0, \"title\": \"insert\", \"value\": {\"type\": \"array\"}, \"children\": [{\"key\": \"/PostgresWatchlistInsertInput/insert[]/symbol\", \"type\": \"string\", \"order\": 3.0, \"title\": \"symbol\", \"value\": {\"type\": \"string\"}, \"hasChildren\": false, \"dataElementType\": \"string\"}, {\"key\": \"/PostgresWatchlistInsertInput/insert[]/userid\", \"type\": \"string\", \"order\": 4.0, \"title\": \"userid\", \"value\": {\"type\": \"string\"}, \"hasChildren\": false, \"dataElementType\": \"string\"}], \"hasChildren\": false, \"dataElementType\": \"documentArray\"}], \"hasChildren\": false, \"dataElementType\": \"document\"}]",
    "null" : false
  }
}