{
  "id" : "439e2eb8-9ffb-47ef-bce9-bed1f41c1e40",
  "name" : "PostgresWatchlistQueryBySymbol",
  "component_id" : "dc16ccf6-67f4-4135-95ca-42e055af53c4",
  "endpoint_id" : "994a114d-5467-4491-8567-41b783a61f27",
  "action_id" : "0a8b5a47-8cb0-4eb5-8b73-7e811ba14a57",
  "structure_json" : {
    "type" : "jsonb",
    "value" : "{\"batch\": false, \"count\": null, \"joins\": [], \"limit\": null, \"nulls\": \"\", \"where\": {\"predicates\": [{\"id\": \"698480fa-2613-48e6-bd2b-48a769df0d7f\", \"path\": \"watchlist.symbol\", \"type\": \"string\", \"field\": \"watchlist.symbol\", \"value\": \":watchlist.symbol\", \"isGroup\": false, \"children\": null, \"operator\": \"=\", \"operation\": \"&&\", \"soap_type\": \"\", \"actualType\": \"varchar\", \"dataElementPath\": \"watchlist.symbol\", \"dataElementType\": \"string\"}, {\"id\": \"31fb0fdf-80e1-4f4c-9e70-04b0a8fd5454\", \"path\": \"watchlist.userid\", \"field\": \"watchlist.userid\", \"value\": \":watchlist.userid\", \"isGroup\": false, \"children\": null, \"operator\": \"=\", \"operation\": null, \"actualType\": \"varchar\", \"dataElementPath\": \"watchlist.userid\", \"dataElementType\": \"string\"}]}, \"action\": \"Select\", \"entity\": \"{\\\"name\\\":\\\"public\\\",\\\"label\\\":\\\"public\\\",\\\"hasChildren\\\":true,\\\"children\\\":{\\\"displayName\\\":\\\"Tables\\\",\\\"items\\\":[{\\\"name\\\":\\\"watchlist\\\",\\\"label\\\":\\\"watchlist\\\",\\\"hasChildren\\\":false,\\\"nextDropdown\\\":false,\\\"mainEntity\\\":false,\\\"checked\\\":true}]},\\\"nextDropdown\\\":false,\\\"mainEntity\\\":false,\\\"displayName\\\":\\\"Schemas\\\"}\", \"uiConfig\": {\"keys\": [\"watchlist.id\", \"watchlist.symbol\", \"watchlist.userid\", \"watchlist.created_at\", \"watchlist\"], \"limit\": true, \"where\": true, \"orderBy\": true, \"inputKeys\": [], \"operators\": {\"join\": [\"=\", \"!=\", \">\", \"<\", \">=\", \"<=\", \"IS NOT NULL\", \"IS NULL\"], \"where\": [\"=\", \"!=\", \">\", \"<\", \">=\", \"<=\", \"IS NOT NULL\", \"IS NULL\", \"BETWEEN\", \"IN\"]}, \"skippable\": false, \"supportJoin\": true, \"disableFields\": false, \"metadataKeyName\": \"projections\", \"selectedTableList\": [{\"name\": \"watchlist\", \"label\": \"watchlist\", \"checked\": true, \"mainEntity\": false, \"hasChildren\": false, \"nextDropdown\": false}], \"batchConfiguration\": {\"skippable\": false, \"maxBatchSize\": 0, \"batchSupported\": false}, \"includeReferenceFields\": false, \"supportsExternalFields\": false, \"supportsReferenceFields\": false}, \"allOrNone\": false, \"inputKeys\": [], \"inputFields\": {}, \"projections\": [{\"key\": \"watchlist\", \"name\": \"watchlist\", \"path\": \"watchlist\", \"type\": \"document\", \"label\": \"watchlist\", \"checked\": true, \"children\": [{\"key\": \"/watchlist/id\", \"name\": \"watchlist.id\", \"path\": \"watchlist.id\", \"type\": \"number\", \"label\": \"id\", \"checked\": true, \"readonly\": false, \"required\": true, \"actualType\": \"serial\", \"columnIndex\": 0, \"hasChildren\": false, \"indeterminate\": false, \"inputCategory\": false, \"dataElementPath\": \"watchlist.id\"}, {\"key\": \"/watchlist/symbol\", \"name\": \"watchlist.symbol\", \"path\": \"watchlist.symbol\", \"type\": \"string\", \"label\": \"symbol\", \"checked\": true, \"readonly\": false, \"required\": true, \"actualType\": \"varchar\", \"columnIndex\": 0, \"hasChildren\": false, \"indeterminate\": false, \"inputCategory\": false, \"dataElementPath\": \"watchlist.symbol\"}, {\"key\": \"/watchlist/userid\", \"name\": \"watchlist.userid\", \"path\": \"watchlist.userid\", \"type\": \"string\", \"label\": \"userid\", \"checked\": true, \"readonly\": false, \"required\": true, \"actualType\": \"varchar\", \"columnIndex\": 0, \"hasChildren\": false, \"indeterminate\": false, \"inputCategory\": false, \"dataElementPath\": \"watchlist.userid\"}, {\"key\": \"/watchlist/created_at\", \"name\": \"watchlist.created_at\", \"path\": \"watchlist.created_at\", \"type\": \"string\", \"label\": \"created_at\", \"checked\": true, \"readonly\": false, \"required\": true, \"actualType\": \"timestamptz\", \"columnIndex\": 0, \"hasChildren\": false, \"indeterminate\": false, \"inputCategory\": false, \"dataElementPath\": \"watchlist.created_at\"}], \"hasChildren\": true, \"indeterminate\": false, \"dataElementPath\": \"watchlist\"}], \"databaseType\": \"PostgreSql\", \"externalFields\": [], \"referenceFields\": []}",
    "null" : false
  },
  "config_json" : {
    "type" : "jsonb",
    "value" : "{\"batch\": false, \"count\": null, \"joins\": [], \"limit\": null, \"nulls\": \"\", \"where\": {\"predicates\": [{\"id\": \"698480fa-2613-48e6-bd2b-48a769df0d7f\", \"path\": \"watchlist.symbol\", \"type\": \"string\", \"field\": \"watchlist.symbol\", \"value\": \":watchlist.symbol\", \"isGroup\": false, \"children\": null, \"operator\": \"=\", \"operation\": \"&&\", \"soap_type\": \"\", \"actualType\": \"varchar\", \"dataElementPath\": \"watchlist.symbol\", \"dataElementType\": \"string\"}, {\"id\": \"31fb0fdf-80e1-4f4c-9e70-04b0a8fd5454\", \"path\": \"watchlist.userid\", \"field\": \"watchlist.userid\", \"value\": \":watchlist.userid\", \"isGroup\": false, \"children\": null, \"operator\": \"=\", \"operation\": null, \"actualType\": \"varchar\", \"dataElementPath\": \"watchlist.userid\", \"dataElementType\": \"string\"}]}, \"action\": \"Select\", \"entity\": \"{\\\"name\\\":\\\"public\\\",\\\"label\\\":\\\"public\\\",\\\"hasChildren\\\":true,\\\"children\\\":{\\\"displayName\\\":\\\"Tables\\\",\\\"items\\\":[{\\\"name\\\":\\\"watchlist\\\",\\\"label\\\":\\\"watchlist\\\",\\\"hasChildren\\\":false,\\\"nextDropdown\\\":false,\\\"mainEntity\\\":false,\\\"checked\\\":true}]},\\\"nextDropdown\\\":false,\\\"mainEntity\\\":false,\\\"displayName\\\":\\\"Schemas\\\"}\", \"uiConfig\": {\"keys\": [\"watchlist.id\", \"watchlist.symbol\", \"watchlist.userid\", \"watchlist.created_at\", \"watchlist\"], \"limit\": true, \"where\": true, \"orderBy\": true, \"inputKeys\": [], \"operators\": {\"join\": [\"=\", \"!=\", \">\", \"<\", \">=\", \"<=\", \"IS NOT NULL\", \"IS NULL\"], \"where\": [\"=\", \"!=\", \">\", \"<\", \">=\", \"<=\", \"IS NOT NULL\", \"IS NULL\", \"BETWEEN\", \"IN\"]}, \"skippable\": false, \"supportJoin\": true, \"disableFields\": false, \"metadataKeyName\": \"projections\", \"selectedTableList\": [{\"name\": \"watchlist\", \"label\": \"watchlist\", \"checked\": true, \"mainEntity\": false, \"hasChildren\": false, \"nextDropdown\": false}], \"batchConfiguration\": {\"skippable\": false, \"maxBatchSize\": 0, \"batchSupported\": false}, \"includeReferenceFields\": false, \"supportsExternalFields\": false, \"supportsReferenceFields\": false}, \"allOrNone\": false, \"inputKeys\": [], \"inputFields\": {}, \"projections\": [{\"key\": \"watchlist\", \"name\": \"watchlist\", \"path\": \"watchlist\", \"type\": \"document\", \"label\": \"watchlist\", \"checked\": true, \"children\": [{\"key\": \"/watchlist/id\", \"name\": \"watchlist.id\", \"path\": \"watchlist.id\", \"type\": \"number\", \"label\": \"id\", \"checked\": true, \"readonly\": false, \"required\": true, \"actualType\": \"serial\", \"columnIndex\": 0, \"hasChildren\": false, \"indeterminate\": false, \"inputCategory\": false, \"dataElementPath\": \"watchlist.id\"}, {\"key\": \"/watchlist/symbol\", \"name\": \"watchlist.symbol\", \"path\": \"watchlist.symbol\", \"type\": \"string\", \"label\": \"symbol\", \"checked\": true, \"readonly\": false, \"required\": true, \"actualType\": \"varchar\", \"columnIndex\": 0, \"hasChildren\": false, \"indeterminate\": false, \"inputCategory\": false, \"dataElementPath\": \"watchlist.symbol\"}, {\"key\": \"/watchlist/userid\", \"name\": \"watchlist.userid\", \"path\": \"watchlist.userid\", \"type\": \"string\", \"label\": \"userid\", \"checked\": true, \"readonly\": false, \"required\": true, \"actualType\": \"varchar\", \"columnIndex\": 0, \"hasChildren\": false, \"indeterminate\": false, \"inputCategory\": false, \"dataElementPath\": \"watchlist.userid\"}, {\"key\": \"/watchlist/created_at\", \"name\": \"watchlist.created_at\", \"path\": \"watchlist.created_at\", \"type\": \"string\", \"label\": \"created_at\", \"checked\": true, \"readonly\": false, \"required\": true, \"actualType\": \"timestamptz\", \"columnIndex\": 0, \"hasChildren\": false, \"indeterminate\": false, \"inputCategory\": false, \"dataElementPath\": \"watchlist.created_at\"}], \"hasChildren\": true, \"indeterminate\": false, \"dataElementPath\": \"watchlist\"}], \"databaseType\": \"PostgreSql\", \"externalFields\": [], \"referenceFields\": []}",
    "null" : false
  },
  "display_query" : "SELECT watchlist.id AS watchlist_id , watchlist.symbol AS watchlist_symbol , watchlist.userid AS watchlist_userid , watchlist.created_at AS watchlist_created_at FROM  public.watchlist  WHERE  watchlist.symbol = :where_watchlist_symbol AND  watchlist.userid = :where_watchlist_userid  ",
  "input_structure" : {
    "type" : "jsonb",
    "value" : "[{\"key\": \"/PostgresWatchlistQueryBySymbolInput\", \"type\": \"object\", \"order\": 1.0, \"title\": \"PostgresWatchlistQueryBySymbolInput\", \"value\": {\"type\": \"object\"}, \"children\": [{\"key\": \"/PostgresWatchlistQueryBySymbolInput/where\", \"type\": \"object\", \"order\": 2.0, \"title\": \"where\", \"value\": {\"type\": \"object\"}, \"children\": [{\"key\": \"/PostgresWatchlistQueryBySymbolInput/where/where_watchlist_symbol\", \"type\": \"string\", \"order\": 3.0, \"title\": \"watchlist_symbol\", \"value\": {\"type\": \"string\"}, \"hasChildren\": false, \"dataElementType\": \"string\"}, {\"key\": \"/PostgresWatchlistQueryBySymbolInput/where/where_watchlist_userid\", \"type\": \"string\", \"order\": 4.0, \"title\": \"watchlist_userid\", \"value\": {\"type\": \"string\"}, \"hasChildren\": false, \"dataElementType\": \"string\"}], \"hasChildren\": false, \"dataElementType\": \"document\"}, {\"key\": \"/PostgresWatchlistQueryBySymbolInput/outputType\", \"type\": \"string\", \"order\": 5.0, \"title\": \"outputType\", \"value\": {\"type\": \"string\", \"_enum\": [\"Stream\", \"String\"]}, \"hasChildren\": false, \"dataElementType\": \"string\"}], \"hasChildren\": false, \"dataElementType\": \"document\"}]",
    "null" : false
  },
  "output_structure" : {
    "type" : "jsonb",
    "value" : "[{\"key\": \"/PostgresWatchlistQueryBySymbolOutput\", \"type\": \"object\", \"order\": 1.0, \"title\": \"PostgresWatchlistQueryBySymbolOutput\", \"value\": {\"type\": \"object\"}, \"children\": [{\"key\": \"/PostgresWatchlistQueryBySymbolOutput/success\", \"type\": \"boolean\", \"order\": 2.0, \"title\": \"success\", \"value\": {\"type\": \"object\"}, \"hasChildren\": false, \"dataElementType\": \"boolean\"}, {\"key\": \"/PostgresWatchlistQueryBySymbolOutput/response\", \"type\": \"object\", \"order\": 3.0, \"title\": \"response\", \"value\": {\"type\": \"object\"}, \"children\": [{\"key\": \"/PostgresWatchlistQueryBySymbolOutput/response/resultSet[]\", \"type\": \"array\", \"order\": 4.0, \"title\": \"resultSet\", \"value\": {\"type\": \"array\"}, \"children\": [{\"key\": \"/PostgresWatchlistQueryBySymbolOutput/response/resultSet[]/watchlist_id\", \"type\": \"number\", \"order\": 5.0, \"title\": \"watchlist_id\", \"hasChildren\": false, \"dataElementType\": \"number\"}, {\"key\": \"/PostgresWatchlistQueryBySymbolOutput/response/resultSet[]/watchlist_symbol\", \"type\": \"string\", \"order\": 6.0, \"title\": \"watchlist_symbol\", \"hasChildren\": false, \"dataElementType\": \"string\"}, {\"key\": \"/PostgresWatchlistQueryBySymbolOutput/response/resultSet[]/watchlist_userid\", \"type\": \"string\", \"order\": 7.0, \"title\": \"watchlist_userid\", \"hasChildren\": false, \"dataElementType\": \"string\"}, {\"key\": \"/PostgresWatchlistQueryBySymbolOutput/response/resultSet[]/watchlist_created_at\", \"type\": \"string\", \"order\": 8.0, \"title\": \"watchlist_created_at\", \"hasChildren\": false, \"dataElementType\": \"string\"}], \"hasChildren\": false, \"dataElementType\": \"documentArray\"}], \"hasChildren\": true, \"dataElementType\": \"document\"}, {\"key\": \"/PostgresWatchlistQueryBySymbolOutput/errors[]\", \"type\": \"array\", \"order\": 9.0, \"title\": \"errors\", \"value\": {}, \"children\": [{\"key\": \"/PostgresWatchlistQueryBySymbolOutput/errors[]/error\", \"type\": \"object\", \"order\": 10.0, \"title\": \"error\", \"value\": {\"type\": \"object\"}, \"children\": [{\"key\": \"/PostgresWatchlistQueryBySymbolOutput/errors[]/error/message\", \"type\": \"string\", \"order\": 11.0, \"title\": \"message\", \"value\": {\"type\": \"object\"}, \"hasChildren\": false, \"dataElementType\": \"string\"}], \"hasChildren\": true, \"dataElementType\": \"document\"}], \"hasChildren\": true, \"dataElementType\": \"documentArray\"}], \"hasChildren\": false, \"dataElementType\": \"document\"}]",
    "null" : false
  },
  "description" : "",
  "comments" : "",
  "db_query" : "SELECT watchlist.id AS watchlist_id , watchlist.symbol AS watchlist_symbol , watchlist.userid AS watchlist_userid , watchlist.created_at AS watchlist_created_at FROM  public.watchlist  WHERE  watchlist.symbol = :where_watchlist_symbol AND  watchlist.userid = :where_watchlist_userid  ",
  "tag" : "V5",
  "active" : false,
  "is_changed" : false,
  "endpoint_tag" : "EMPTY",
  "endpoint_project_id" : "ff43f984-d7dc-4e43-9c26-837e5d52773f",
  "endpoint_project_tag" : "EMPTY",
  "comment" : "Fixed get watch list tool error when no symbols found",
  "input_data_object_id" : null,
  "input_data_object_tag" : "EMPTY",
  "input_data_object_project_id" : null,
  "input_data_object_project_tag" : "EMPTY",
  "output_data_object_id" : null,
  "output_data_object_tag" : "EMPTY",
  "output_data_object_project_id" : null,
  "output_data_object_project_tag" : "EMPTY",
  "base_tag" : "V4",
  "endpoint_project_mode_id" : "112c1cb8-4b9e-4d1a-a042-0bd031dc7d05",
  "input_data_object_project_mode_id" : "112c1cb8-4b9e-4d1a-a042-0bd031dc7d05",
  "output_data_object_project_mode_id" : "112c1cb8-4b9e-4d1a-a042-0bd031dc7d05",
  "test_input" : {
    "type" : "jsonb",
    "value" : "{}",
    "null" : false
  },
  "test_input_structure" : {
    "type" : "jsonb",
    "value" : "[{\"key\": \"/PostgresWatchlistQueryBySymbolInput\", \"type\": \"object\", \"order\": 1.0, \"title\": \"PostgresWatchlistQueryBySymbolInput\", \"value\": {\"type\": \"object\"}, \"children\": [{\"key\": \"/PostgresWatchlistQueryBySymbolInput/where\", \"type\": \"object\", \"order\": 2.0, \"title\": \"where\", \"value\": {\"type\": \"object\"}, \"children\": [{\"key\": \"/PostgresWatchlistQueryBySymbolInput/where/where_watchlist_symbol\", \"type\": \"string\", \"order\": 3.0, \"title\": \"watchlist_symbol\", \"value\": {\"type\": \"string\"}, \"hasChildren\": false, \"dataElementType\": \"string\"}, {\"key\": \"/PostgresWatchlistQueryBySymbolInput/where/where_watchlist_userid\", \"type\": \"string\", \"order\": 4.0, \"title\": \"watchlist_userid\", \"value\": {\"type\": \"string\"}, \"hasChildren\": false, \"dataElementType\": \"string\"}], \"hasChildren\": false, \"dataElementType\": \"document\"}, {\"key\": \"/PostgresWatchlistQueryBySymbolInput/outputType\", \"type\": \"string\", \"order\": 5.0, \"title\": \"outputType\", \"value\": {\"type\": \"string\", \"_enum\": [\"Stream\", \"String\"]}, \"hasChildren\": false, \"dataElementType\": \"string\"}], \"hasChildren\": false, \"dataElementType\": \"document\"}]",
    "null" : false
  }
}