{
  "document_type_id" : "24e9bd05-3463-4a0a-8137-de25a2f1a6a3",
  "name" : "Watch List Response",
  "description" : "Watch List Response",
  "version" : null,
  "business_document_type_id" : null,
  "document_format_id" : "edc154a0-55fc-11e9-8647-d663bd873d93",
  "root_tag" : null,
  "structure" : {
    "type" : "jsonb",
    "value" : "[{\"key\": \"/Watchlist[]\", \"type\": \"array\", \"order\": 1.0, \"title\": \"Watchlist\", \"value\": {\"type\": \"array\", \"requiredFlag\": false}, \"isLeaf\": false, \"children\": [{\"key\": \"/Watchlist[]/ChangePercent\", \"type\": \"number\", \"order\": 2.0, \"title\": \"ChangePercent\", \"value\": {\"type\": \"number\", \"requiredFlag\": false}, \"isLeaf\": true, \"childrenSet\": false, \"hasChildren\": false, \"dataElementType\": \"number\", \"encryption_required\": false}, {\"key\": \"/Watchlist[]/Price\", \"type\": \"number\", \"order\": 3.0, \"title\": \"Price\", \"value\": {\"type\": \"number\", \"requiredFlag\": false}, \"isLeaf\": true, \"childrenSet\": false, \"hasChildren\": false, \"dataElementType\": \"number\", \"encryption_required\": false}, {\"key\": \"/Watchlist[]/Change\", \"type\": \"number\", \"order\": 4.0, \"title\": \"Change\", \"value\": {\"type\": \"number\", \"requiredFlag\": false}, \"isLeaf\": true, \"childrenSet\": false, \"hasChildren\": false, \"dataElementType\": \"number\", \"encryption_required\": false}, {\"key\": \"/Watchlist[]/Volume\", \"type\": \"integer\", \"order\": 5.0, \"title\": \"Volume\", \"value\": {\"type\": \"integer\", \"requiredFlag\": false}, \"isLeaf\": true, \"childrenSet\": false, \"hasChildren\": false, \"dataElementType\": \"integer\", \"encryption_required\": false}, {\"key\": \"/Watchlist[]/Name\", \"type\": \"string\", \"order\": 6.0, \"title\": \"Name\", \"value\": {\"type\": \"string\", \"requiredFlag\": false}, \"isLeaf\": true, \"childrenSet\": false, \"hasChildren\": false, \"dataElementType\": \"string\", \"encryption_required\": false}, {\"key\": \"/Watchlist[]/Symbol\", \"type\": \"string\", \"order\": 7.0, \"title\": \"Symbol\", \"value\": {\"type\": \"string\", \"requiredFlag\": false}, \"isLeaf\": true, \"childrenSet\": false, \"hasChildren\": false, \"dataElementType\": \"string\", \"encryption_required\": false}], \"childrenSet\": false, \"hasChildren\": false, \"dataElementType\": \"documentArray\", \"encryption_required\": false}]",
    "null" : false
  },
  "key_fields" : null,
  "schema" : {
    "type" : "json",
    "value" : "{\"$id\":\"Watch List Response\",\"$schema\":\"http://json-schema.org/draft-07/schema#\",\"type\":\"object\",\"properties\":{\"Watchlist\":{\"type\":\"array\",\"title\":\"Watchlist\",\"properties\":{},\"items\":{\"type\":\"object\",\"properties\":{\"ChangePercent\":{\"type\":\"number\",\"title\":\"ChangePercent\",\"default\":0.0,\"examples\":[-1.1023977],\"properties\":{}},\"Price\":{\"type\":\"number\",\"title\":\"Price\",\"default\":0.0,\"examples\":[211.8783],\"properties\":{}},\"Change\":{\"type\":\"number\",\"title\":\"Change\",\"default\":0.0,\"examples\":[-2.3617096],\"properties\":{}},\"Volume\":{\"type\":\"integer\",\"title\":\"Volume\",\"default\":0,\"examples\":[51014294],\"properties\":{}},\"Name\":{\"type\":\"string\",\"title\":\"Name\",\"default\":\"\",\"examples\":[\"Apple\"],\"properties\":{},\"pattern\":\"^(.*)$\"},\"Symbol\":{\"type\":\"string\",\"title\":\"Symbol\",\"default\":\"\",\"examples\":[\"AAPL\"],\"properties\":{},\"pattern\":\"^(.*)$\"}}}}}}",
    "null" : false
  },
  "source_schema" : "{\n    \"Watchlist\": [\n        {\n            \"ChangePercent\": -1.1023977,\n            \"Price\": 211.8783,\n            \"Change\": -2.3617096,\n            \"Volume\": 51014294,\n            \"Name\": \"Apple\",\n            \"Symbol\": \"AAPL\"\n        }\n    ]\n}",
  "type" : "custom",
  "doc_type" : null,
  "source_type" : "jsonsample",
  "ignore_missing_schemas" : false,
  "has_ref_schemas" : null,
  "flat_file_config" : null,
  "active" : false,
  "is_changed" : false,
  "tag" : "V11",
  "comment" : "Added GetErrorObject to TryCatch Error Hadnling",
  "base_tag" : "V10"
}