{
  "component_config_id" : "2988bfde-60c0-4daf-8c0c-5a0e7c1c038e",
  "endpoint_config_json" : {
    "type" : "jsonb",
    "value" : "{\"crossRef\": [], \"services\": [], \"multistep\": [], \"operations\": []}",
    "null" : false
  },
  "input_config_json" : {
    "type" : "jsonb",
    "value" : "{\"crossRef\": [], \"services\": [], \"multistep\": [], \"operations\": []}",
    "null" : false
  },
  "output_config_json" : {
    "type" : "jsonb",
    "value" : "{\"crossRef\": [], \"services\": [], \"multistep\": [], \"operations\": [{\"transformer\": {\"id\": \"0bb92154-aed2-4d66-8b49-5462f4685a80\", \"name\": \"LIST_APPEND\", \"type\": \"List\", \"query\": null, \"inputs\": [{\"id\": \"2ea9d22a-7230-4566-a6b1-99711ade37c5\", \"root\": true, \"type\": \"list\", \"cached\": false, \"source\": \"/WatchListResponse/Watchlist[]\", \"target\": \"/LIST_APPEND_INPUT/docList[]\", \"mapNull\": false, \"disabled\": false, \"extractXml\": false, \"extractJson\": false, \"mapEmptyString\": false}, {\"id\": \"56c5cd3b-45ff-4084-9bb9-3e900127a645\", \"root\": true, \"type\": \"map\", \"cached\": false, \"source\": \"/WatchlistItem\", \"target\": \"/LIST_APPEND_INPUT/docIn\", \"mapNull\": false, \"disabled\": false, \"extractXml\": false, \"extractJson\": false, \"mapEmptyString\": false}], \"outputs\": [{\"id\": \"36938d1e-d0ea-4bb3-912e-e0156bbe2672\", \"root\": true, \"type\": \"list\", \"cached\": false, \"source\": \"/LIST_APPEND_OUTPUT/docList[]\", \"target\": \"/WatchListResponse/Watchlist[]\", \"mapNull\": false, \"disabled\": false, \"extractXml\": false, \"extractJson\": false, \"targetOrder\": 1.0, \"mapEmptyString\": false}], \"tableId\": null, \"configId\": null, \"disabled\": false, \"serviceId\": null, \"expression\": null}}]}",
    "null" : false
  },
  "component_id" : "8ac5fe03-27a2-4e6a-a449-6a8893818223",
  "service_id" : "ba6fb867-511b-4b21-b91b-10fcc1fc8891",
  "endpoint_id" : null,
  "parent_component_config_id" : "64d030ba-b788-4392-a215-1e2e55df1b25",
  "component_config_order" : 3.0,
  "action_id" : "06843b78-eab0-45da-afab-8c8277d7553f",
  "name" : "Add Watchlist Item to Watchlist Array",
  "description" : "",
  "override_endpoint" : false,
  "input_structure_json" : {
    "type" : "jsonb",
    "value" : "{\"maps\": [], \"mappedNodes\": [\"/WatchListResponse/Watchlist[] pipeIn\", \"/LIST_APPEND_INPUT/docList[]0\", \"/LIST_APPEND_OUTPUT/docList[]0\", \"/WatchListResponse/Watchlist[]pipeOut\"]}",
    "null" : false
  },
  "output_structure_json" : {
    "type" : "jsonb",
    "value" : "{\"maps\": [], \"tracks\": {}, \"transformer\": [{\"inputs\": {\"/LIST_APPEND_INPUT/docIn\": [{\"type\": \"map\", \"source\": {\"path\": \"/WatchlistItem\", \"title\": \"WatchlistItem\", \"dataElementType\": \"document\"}, \"target\": {\"path\": \"/LIST_APPEND_INPUT/docIn\", \"title\": \"docIn\", \"dataElementType\": \"document\"}, \"mapCondition\": {\"isConditionSet\": false, \"sourceTreeIndex\": [], \"targetTreeIndex\": [], \"mapConditionFormValue\": {}}}], \"/LIST_APPEND_INPUT/docList[]\": [{\"type\": \"list\", \"source\": {\"path\": \"/WatchListResponse/Watchlist[]\", \"title\": \"Watchlist\", \"dataElementType\": \"documentArray\"}, \"target\": {\"path\": \"/LIST_APPEND_INPUT/docList[]\", \"title\": \"docList\", \"dataElementType\": \"documentArray\"}, \"mapCondition\": {\"isConditionSet\": false, \"sourceTreeIndex\": [{\"key\": 1, \"title\": \"WatchListResponse\", \"isLeaf\": false, \"isArray\": false, \"children\": [{\"key\": 2, \"title\": \"Watchlist[]\", \"isLeaf\": false, \"isArray\": true, \"parentKey\": 1, \"arrayIndex\": null}], \"parentKey\": 0}], \"targetTreeIndex\": [{\"key\": 1, \"title\": \"LIST_APPEND_INPUT\", \"isLeaf\": false, \"isArray\": false, \"children\": [{\"key\": 2, \"title\": \"docList\", \"isLeaf\": false, \"isArray\": true, \"parentKey\": 1, \"arrayIndex\": null}], \"parentKey\": 0}], \"mapConditionFormValue\": {}}}]}, \"outputs\": {\"/WatchListResponse/Watchlist[]\": [{\"type\": \"list\", \"source\": {\"path\": \"/LIST_APPEND_OUTPUT/docList[]\", \"title\": \"docList\", \"dataElementType\": \"documentArray\"}, \"target\": {\"path\": \"/WatchListResponse/Watchlist[]\", \"order\": 1, \"title\": \"Watchlist\", \"dataElementType\": \"documentArray\"}, \"mapCondition\": {\"isConditionSet\": false, \"sourceTreeIndex\": [{\"key\": 1, \"title\": \"LIST_APPEND_OUTPUT\", \"isLeaf\": false, \"isArray\": false, \"children\": [{\"key\": 2, \"title\": \"docList\", \"isLeaf\": false, \"isArray\": true, \"parentKey\": 1, \"arrayIndex\": null}], \"parentKey\": 0}], \"targetTreeIndex\": [{\"key\": 1, \"title\": \"WatchListResponse\", \"isLeaf\": false, \"isArray\": false, \"children\": [{\"key\": 2, \"title\": \"Watchlist[]\", \"isLeaf\": false, \"isArray\": true, \"parentKey\": 1, \"arrayIndex\": null}], \"parentKey\": 0}], \"mapConditionFormValue\": {}}}]}, \"functionInfo\": {\"id\": \"f5437179-0ea3-46c8-af0c-12576afcff42\", \"name\": \"AppendList\", \"category\": {\"id\": \"41a97f98-22ec-4738-9b60-e2e3bd2bc1f9\"}, \"internalName\": \"LIST_APPEND\"}}]}",
    "null" : false
  },
  "endpoint_structure_json" : {
    "type" : "jsonb",
    "value" : "{\"maps\": []}",
    "null" : false
  },
  "is_error" : false,
  "no_of_errors" : 0,
  "action_input_type" : null,
  "config_service_id" : null,
  "config_imap_id" : null,
  "config_b2b_document_type_id" : null,
  "config_document_id" : null,
  "add_variables" : {
    "type" : "jsonb",
    "value" : "[]",
    "null" : false
  },
  "drop_variables" : {
    "type" : "jsonb",
    "value" : "[]",
    "null" : false
  },
  "plug_input_structure" : null,
  "plug_output_structure" : null,
  "config_plug_id" : null,
  "override_plug" : false,
  "config_java_service_id" : null,
  "service_tag" : "V11",
  "endpoint_tag" : null,
  "config_service_tag" : "",
  "config_imap_tag" : "",
  "config_b2b_document_type_tag" : "",
  "active" : false,
  "parent_component_config_service_tag" : "V11",
  "service_project_id" : "d15a3eea-56b1-4b22-8e37-6a178b5611d5",
  "service_project_tag" : "V11",
  "config_service_project_id" : null,
  "config_service_project_tag" : "",
  "config_imap_project_id" : null,
  "config_imap_project_tag" : "",
  "config_b2b_document_type_project_id" : null,
  "config_b2b_document_type_project_tag" : "",
  "endpoint_project_id" : null,
  "endpoint_project_tag" : null,
  "config_plug_tag" : null,
  "config_plug_project_id" : null,
  "config_plug_project_tag" : null,
  "config_java_service_tag" : "",
  "config_java_service_project_id" : null,
  "config_java_service_project_tag" : "",
  "disabled" : false,
  "config" : null,
  "config_b2b_document_type_project_mode_id" : "112c1cb8-4b9e-4d1a-a042-0bd031dc7d05",
  "config_imap_project_mode_id" : "112c1cb8-4b9e-4d1a-a042-0bd031dc7d05",
  "config_java_service_project_mode_id" : "112c1cb8-4b9e-4d1a-a042-0bd031dc7d05",
  "config_plug_project_mode_id" : "112c1cb8-4b9e-4d1a-a042-0bd031dc7d05",
  "config_service_project_mode_id" : "112c1cb8-4b9e-4d1a-a042-0bd031dc7d05",
  "endpoint_project_mode_id" : "112c1cb8-4b9e-4d1a-a042-0bd031dc7d05",
  "service_project_mode_id" : "112c1cb8-4b9e-4d1a-a042-0bd031dc7d05",
  "parent_component_config_service_project_mode_id" : "112c1cb8-4b9e-4d1a-a042-0bd031dc7d05",
  "is_audit" : true,
  "keys_with_order" : null
}