{
  "component_config_id" : "b685142b-1f46-4eb7-af22-ade5e7af7e38",
  "endpoint_config_json" : {
    "type" : "jsonb",
    "value" : "{\"crossRef\": [], \"services\": [], \"multistep\": [], \"operations\": []}",
    "null" : false
  },
  "input_config_json" : {
    "type" : "jsonb",
    "value" : "{\"crossRef\": [], \"services\": [], \"multistep\": [], \"operations\": []}",
    "null" : false
  },
  "output_config_json" : {
    "type" : "jsonb",
    "value" : "{\"crossRef\": [], \"services\": [], \"multistep\": [], \"operations\": [{\"transformer\": {\"id\": \"2c61e32d-cd32-47cc-94f0-d6f573d57bf0\", \"name\": \"STRING_SPLIT\", \"type\": \"String\", \"query\": null, \"inputs\": [{\"id\": \"7e58e2ed-2473-4b58-829b-bd468ceb6907\", \"root\": false, \"type\": \"map\", \"cached\": false, \"source\": \"/HTTPSServerGetOutput/queryParams/symbols\", \"target\": \"/STRING_SPLIT_INPUT/inputString\", \"mapNull\": false, \"disabled\": false, \"extractXml\": false, \"extractJson\": false, \"mapEmptyString\": false, \"sourceJavaType\": \"java.lang.String\", \"targetJavaType\": \"java.lang.String\"}, {\"id\": \"c27c2ba2-3806-4a6b-9295-c735adda9874\", \"root\": false, \"type\": \"setValue\", \"cached\": false, \"target\": \"/STRING_SPLIT_INPUT/token\", \"mapNull\": false, \"disabled\": false, \"extractXml\": false, \"extractJson\": false, \"targetValue\": \",\", \"mapEmptyString\": false, \"targetJavaType\": \"java.lang.String\", \"variableSubstitution\": false}], \"outputs\": [{\"id\": \"4c0007bd-10db-4210-a821-6f96248aad1a\", \"root\": false, \"type\": \"list\", \"cached\": false, \"source\": \"/STRING_SPLIT_OUTPUT/output[]\", \"target\": \"/symbolsArray[]\", \"mapNull\": false, \"disabled\": false, \"extractXml\": false, \"extractJson\": false, \"targetOrder\": 1.0, \"mapEmptyString\": false, \"sourceJavaType\": \"java.lang.String\", \"targetJavaType\": \"java.lang.String\"}], \"tableId\": null, \"configId\": null, \"disabled\": false, \"serviceId\": null, \"expression\": null}}]}",
    "null" : false
  },
  "component_id" : "8ac5fe03-27a2-4e6a-a449-6a8893818223",
  "service_id" : "d406e4c2-296f-4c5c-8261-2117678cbdef",
  "endpoint_id" : null,
  "parent_component_config_id" : null,
  "component_config_order" : 1.5,
  "action_id" : "06843b78-eab0-45da-afab-8c8277d7553f",
  "name" : "Declare vars and parse symbol list",
  "description" : "",
  "override_endpoint" : false,
  "input_structure_json" : {
    "type" : "jsonb",
    "value" : "{\"maps\": [], \"mappedNodes\": [\"/HTTPSServerGetOutput/queryParams/symbols pipeIn\", \"/STRING_SPLIT_INPUT/inputString0\", \"/STRING_SPLIT_INPUT/token\", \"/STRING_SPLIT_INPUT\", \"/STRING_SPLIT_OUTPUT/output[]0\", \"/symbolsArray[]pipeOut\"]}",
    "null" : false
  },
  "output_structure_json" : {
    "type" : "jsonb",
    "value" : "{\"maps\": [], \"tracks\": {}, \"transformer\": [{\"inputs\": {\"/STRING_SPLIT_INPUT/token\": [{\"type\": \"setValue\", \"target\": {\"path\": \"/STRING_SPLIT_INPUT/token\", \"order\": \"\", \"title\": \"token\", \"dataElementType\": \"string\"}, \"values\": [{\"id\": \"a1f69d7b-e595-42cb-a78b-37a7a91a4815\", \"key\": \"/STRING_SPLIT_INPUT/token\", \"type\": \"string\", \"title\": \"token\", \"isLeaf\": true, \"secret\": false, \"children\": [], \"setValue\": null, \"uiElement\": \",\", \"isSetValue\": false, \"dataElementType\": \"string\"}], \"mapCondition\": {\"isConditionSet\": false, \"sourceTreeIndex\": [], \"targetTreeIndex\": [], \"mapConditionFormValue\": {}}, \"variableSubstitution\": false, \"overwritePipelineValue\": false}], \"/STRING_SPLIT_INPUT/inputString\": [{\"type\": \"map\", \"source\": {\"path\": \"/HTTPSServerGetOutput/queryParams/symbols\", \"title\": \"symbols\", \"dataElementType\": \"string\"}, \"target\": {\"path\": \"/STRING_SPLIT_INPUT/inputString\", \"title\": \"inputString\", \"dataElementType\": \"string\"}, \"mapCondition\": {\"isConditionSet\": false, \"sourceTreeIndex\": [], \"targetTreeIndex\": [], \"mapConditionFormValue\": {}}}]}, \"outputs\": {\"/symbolsArray[]\": [{\"type\": \"list\", \"source\": {\"path\": \"/STRING_SPLIT_OUTPUT/output[]\", \"title\": \"output\", \"dataElementType\": \"stringArray\"}, \"target\": {\"path\": \"/symbolsArray[]\", \"order\": 1, \"title\": \"symbolsArray\", \"dataElementType\": \"stringArray\"}, \"mapCondition\": {\"isConditionSet\": false, \"sourceTreeIndex\": [{\"key\": 1, \"title\": \"STRING_SPLIT_OUTPUT\", \"isLeaf\": false, \"isArray\": false, \"children\": [{\"key\": 2, \"title\": \"output\", \"isLeaf\": false, \"isArray\": true, \"parentKey\": 1, \"arrayIndex\": null}], \"parentKey\": 0}], \"targetTreeIndex\": [{\"key\": 1, \"title\": \"symbolsArray[]\", \"isLeaf\": false, \"isArray\": true, \"parentKey\": 0, \"arrayIndex\": null}], \"mapConditionFormValue\": {}}}]}, \"functionInfo\": {\"id\": \"7d6add5c-9226-4b5b-a58a-d669986db589\", \"name\": \"Split\", \"category\": {\"id\": \"7e335ebf-c122-41de-a87f-8e4cb8f39ff6\"}, \"internalName\": \"STRING_SPLIT\"}}]}",
    "null" : false
  },
  "endpoint_structure_json" : {
    "type" : "jsonb",
    "value" : "{\"maps\": []}",
    "null" : false
  },
  "is_error" : false,
  "no_of_errors" : 0,
  "action_input_type" : null,
  "config_service_id" : null,
  "config_imap_id" : null,
  "config_b2b_document_type_id" : null,
  "config_document_id" : null,
  "add_variables" : {
    "type" : "jsonb",
    "value" : "[{\"id\": \"ff75e38d-b7e1-474e-b867-5e5d6a131aac\", \"key\": \"/symbolsArray[]\", \"type\": \"node\", \"order\": 1, \"title\": \"symbolsArray\", \"value\": {\"type\": \"array\"}, \"children\": [], \"editAllow\": true, \"componentName\": \"parse symbol list\", \"dataElementType\": \"stringArray\", \"componentConfigId\": \"b685142b-1f46-4eb7-af22-ade5e7af7e38\", \"componentConfigName\": \"Map\"}, {\"id\": \"781e8b02-b487-4154-bf64-6144aa581c67\", \"key\": \"/ResponseBody\", \"type\": \"node\", \"order\": 1, \"title\": \"ResponseBody\", \"value\": {\"type\": \"string\"}, \"children\": [], \"editAllow\": true, \"componentName\": \"Declare vars and parse symbol list\", \"dataElementType\": \"string\", \"componentConfigId\": \"b685142b-1f46-4eb7-af22-ade5e7af7e38\", \"componentConfigName\": \"Map\"}, {\"id\": \"16029250-5c7c-4cde-bf05-4326847f23b3\", \"key\": \"/ResponseStatus\", \"type\": \"node\", \"order\": 1, \"title\": \"ResponseStatus\", \"value\": {\"type\": \"number\"}, \"children\": [], \"editAllow\": true, \"componentName\": \"Declare vars and parse symbol list\", \"dataElementType\": \"integer\", \"componentConfigId\": \"b685142b-1f46-4eb7-af22-ade5e7af7e38\", \"componentConfigName\": \"Map\"}, {\"id\": \"8e485576-91fa-4a10-8a19-b8ae961d49e3\", \"key\": \"/WatchlistResponse\", \"type\": \"reference\", \"order\": 2, \"title\": \"WatchlistResponse\", \"value\": {\"type\": \"object\"}, \"isLeaf\": false, \"children\": [], \"editAllow\": true, \"hasChildren\": false, \"projectName\": \"LB_StockQuoteFH2\", \"referenceId\": \"24e9bd05-3463-4a0a-8137-de25a2f1a6a3\", \"isChildrenSet\": false, \"dataObjectName\": \"Watch List Response\", \"dataElementType\": \"document\", \"componentConfigId\": \"b685142b-1f46-4eb7-af22-ade5e7af7e38\", \"encryption_required\": false}]",
    "null" : false
  },
  "drop_variables" : {
    "type" : "jsonb",
    "value" : "[]",
    "null" : false
  },
  "plug_input_structure" : null,
  "plug_output_structure" : null,
  "config_plug_id" : null,
  "override_plug" : false,
  "config_java_service_id" : null,
  "service_tag" : "V11",
  "endpoint_tag" : null,
  "config_service_tag" : "",
  "config_imap_tag" : "",
  "config_b2b_document_type_tag" : "",
  "active" : false,
  "parent_component_config_service_tag" : "V11",
  "service_project_id" : "d15a3eea-56b1-4b22-8e37-6a178b5611d5",
  "service_project_tag" : "V11",
  "config_service_project_id" : null,
  "config_service_project_tag" : "",
  "config_imap_project_id" : null,
  "config_imap_project_tag" : "",
  "config_b2b_document_type_project_id" : null,
  "config_b2b_document_type_project_tag" : "",
  "endpoint_project_id" : null,
  "endpoint_project_tag" : null,
  "config_plug_tag" : null,
  "config_plug_project_id" : null,
  "config_plug_project_tag" : null,
  "config_java_service_tag" : "",
  "config_java_service_project_id" : null,
  "config_java_service_project_tag" : "",
  "disabled" : false,
  "config" : null,
  "config_b2b_document_type_project_mode_id" : "112c1cb8-4b9e-4d1a-a042-0bd031dc7d05",
  "config_imap_project_mode_id" : "112c1cb8-4b9e-4d1a-a042-0bd031dc7d05",
  "config_java_service_project_mode_id" : "112c1cb8-4b9e-4d1a-a042-0bd031dc7d05",
  "config_plug_project_mode_id" : "112c1cb8-4b9e-4d1a-a042-0bd031dc7d05",
  "config_service_project_mode_id" : "112c1cb8-4b9e-4d1a-a042-0bd031dc7d05",
  "endpoint_project_mode_id" : "112c1cb8-4b9e-4d1a-a042-0bd031dc7d05",
  "service_project_mode_id" : "112c1cb8-4b9e-4d1a-a042-0bd031dc7d05",
  "parent_component_config_service_project_mode_id" : "112c1cb8-4b9e-4d1a-a042-0bd031dc7d05",
  "is_audit" : true,
  "keys_with_order" : null
}