{
  "component_config_id" : "f292f00a-9aa4-40ac-9109-7568b35c6c78",
  "endpoint_config_json" : {
    "type" : "jsonb",
    "value" : "{\"crossRef\": [], \"services\": [], \"multistep\": [], \"operations\": []}",
    "null" : false
  },
  "input_config_json" : {
    "type" : "jsonb",
    "value" : "{\"crossRef\": [], \"services\": [], \"multistep\": [], \"operations\": [{\"map\": {\"id\": \"2429e8ec-47b0-40f1-9762-fcf9d0c281f2\", \"root\": false, \"type\": \"map\", \"cached\": false, \"source\": \"/get-stock-quoteAPIServerRequest/queryParams/symbol\", \"target\": \"/quoteserviceInput/Symbol\", \"mapNull\": false, \"disabled\": false, \"extractXml\": false, \"extractJson\": false, \"targetOrder\": 1.0, \"mapEmptyString\": false, \"sourceJavaType\": \"java.lang.String\", \"targetJavaType\": \"java.lang.String\"}}]}",
    "null" : false
  },
  "output_config_json" : {
    "type" : "jsonb",
    "value" : "{\"crossRef\": [], \"services\": [], \"multistep\": [], \"operations\": [{\"map\": {\"id\": \"1a755bdf-38a7-459b-9125-10229d956522\", \"root\": true, \"type\": \"map\", \"cached\": false, \"source\": \"/quoteserviceOutput\", \"target\": \"/quoteserviceOutput\", \"mapNull\": false, \"disabled\": false, \"extractXml\": false, \"extractJson\": false, \"targetOrder\": 1.0, \"mapEmptyString\": false}}, {\"map\": {\"id\": \"ea1ef509-f6c2-4313-b6e8-6f561d108eb6\", \"root\": false, \"type\": \"map\", \"cached\": false, \"source\": \"/quoteserviceOutput/ResponseStatus\", \"target\": \"/status\", \"mapNull\": false, \"disabled\": false, \"extractXml\": false, \"extractJson\": false, \"targetOrder\": 1.0, \"mapEmptyString\": false, \"sourceJavaType\": \"java.lang.String\", \"targetJavaType\": \"java.lang.String\"}}, {\"map\": {\"id\": \"cb646bfb-ea60-4b87-954a-af9169c195b6\", \"root\": true, \"type\": \"map\", \"cached\": false, \"source\": \"/quoteserviceOutput/ResponseBody\", \"target\": \"/get-stock-quoteAPIServerResponse/200\", \"mapNull\": false, \"disabled\": false, \"extractXml\": false, \"extractJson\": false, \"targetOrder\": 1.0, \"mapEmptyString\": false}}, {\"map\": {\"id\": \"15d1d11c-d9db-494a-9d3e-a5b562bbfc24\", \"root\": true, \"type\": \"map\", \"cached\": false, \"source\": \"/quoteserviceOutput/ResponseBody\", \"target\": \"/get-stock-quoteAPIServerResponse/204\", \"mapNull\": false, \"disabled\": false, \"extractXml\": false, \"extractJson\": false, \"targetOrder\": 1.0, \"mapEmptyString\": false}}, {\"map\": {\"id\": \"807d3152-6516-4c93-92ad-d051ee3783e0\", \"root\": true, \"type\": \"map\", \"cached\": false, \"source\": \"/quoteserviceOutput/ResponseBody\", \"target\": \"/get-stock-quoteAPIServerResponse/400\", \"mapNull\": false, \"disabled\": false, \"extractXml\": false, \"extractJson\": false, \"targetOrder\": 1.0, \"mapEmptyString\": false}}, {\"map\": {\"id\": \"f59b27f7-1e83-4530-a9a5-80c70958bbda\", \"root\": true, \"type\": \"map\", \"cached\": false, \"source\": \"/quoteserviceOutput/ResponseBody\", \"target\": \"/get-stock-quoteAPIServerResponse/500\", \"mapNull\": false, \"disabled\": false, \"extractXml\": false, \"extractJson\": false, \"targetOrder\": 1.0, \"mapEmptyString\": false}}, {\"map\": {\"id\": \"8045d374-8d08-41ce-935c-36ae645739f7\", \"root\": false, \"type\": \"setValue\", \"cached\": false, \"target\": \"/get-stock-quoteAPIServerResponse/200/responseHeaders/content-type\", \"mapNull\": false, \"disabled\": false, \"extractXml\": false, \"extractJson\": false, \"targetOrder\": 17.0, \"targetValue\": \"application/json\", \"mapEmptyString\": false, \"targetJavaType\": \"java.lang.String\", \"variableSubstitution\": false}}, {\"map\": {\"id\": \"b034f8f7-bfe3-4ae1-832e-6f43e1963034\", \"root\": false, \"type\": \"setValue\", \"cached\": false, \"target\": \"/get-stock-quoteAPIServerResponse/204/responseHeaders/content-type\", \"mapNull\": false, \"disabled\": false, \"extractXml\": false, \"extractJson\": false, \"targetOrder\": 8.0, \"targetValue\": \"application/json\", \"mapEmptyString\": false, \"targetJavaType\": \"java.lang.String\", \"variableSubstitution\": false}}, {\"map\": {\"id\": \"19d96cc4-0929-4f71-b521-1907aa9ac047\", \"root\": false, \"type\": \"setValue\", \"cached\": false, \"target\": \"/get-stock-quoteAPIServerResponse/400/responseHeaders/Content-Type\", \"mapNull\": false, \"disabled\": false, \"extractXml\": false, \"extractJson\": false, \"targetOrder\": 13.0, \"targetValue\": \"application/json\", \"mapEmptyString\": false, \"targetJavaType\": \"java.lang.String\", \"variableSubstitution\": false}}, {\"map\": {\"id\": \"9c8e3811-ac55-4094-9725-fee6ed7cebcd\", \"root\": false, \"type\": \"setValue\", \"cached\": false, \"target\": \"/get-stock-quoteAPIServerResponse/500/responseHeaders/content-type\", \"mapNull\": false, \"disabled\": false, \"extractXml\": false, \"extractJson\": false, \"targetOrder\": 8.0, \"targetValue\": \"application/json\", \"mapEmptyString\": false, \"targetJavaType\": \"java.lang.String\", \"variableSubstitution\": false}}]}",
    "null" : false
  },
  "component_id" : "756d919f-1b1f-4eab-9f44-2f7b5bbe175c",
  "service_id" : "c9e5f6e2-5270-4c1f-baa2-a1d5bf81d6df",
  "endpoint_id" : null,
  "parent_component_config_id" : "e7bcbbf1-1233-462b-a4a5-1f70b85834c8",
  "component_config_order" : 0.5,
  "action_id" : "8e231fcc-71d0-43f6-9303-70dcb0ca6080",
  "name" : "Get quote",
  "description" : "",
  "override_endpoint" : false,
  "input_structure_json" : {
    "type" : "jsonb",
    "value" : "{\"maps\": [{\"/quoteserviceInput/Symbol\": [{\"type\": \"map\", \"source\": {\"path\": \"/get-stock-quoteAPIServerRequest/queryParams/symbol\", \"title\": \"symbol\", \"dataElementType\": \"string\"}, \"target\": {\"path\": \"/quoteserviceInput/Symbol\", \"order\": 1, \"title\": \"Symbol\", \"dataElementType\": \"string\"}, \"mapCondition\": {\"isConditionSet\": false, \"sourceTreeIndex\": [], \"targetTreeIndex\": [], \"mapConditionFormValue\": {}}}]}], \"mappedNodes\": [\"/quoteserviceOutputactionOut\", \"/quoteserviceOutputpipeOut\", \"/get-stock-quoteAPIServerRequest/queryParams/symbol pipeIn\", \"/quoteserviceInput/Symbol actionIn\", \"/quoteserviceOutput/ResponseStatus\", \"/statuspipeOut\", \"/quoteserviceOutput/ResponseBody\", \"/get-stock-quoteAPIServerResponse/200pipeOut\", \"/quoteserviceOutput/ResponseBody\", \"/get-stock-quoteAPIServerResponse/204pipeOut\", \"/quoteserviceOutput/ResponseBody\", \"/get-stock-quoteAPIServerResponse/400pipeOut\", \"/quoteserviceOutput/ResponseBody\", \"/get-stock-quoteAPIServerResponse/500pipeOut\", \"/get-stock-quoteAPIServerResponse/200/responseHeaders/content-typepipeOut\", \"/get-stock-quoteAPIServerResponse/200/responseHeaderspipeOut\", \"/get-stock-quoteAPIServerResponse/200pipeOut\", \"/get-stock-quoteAPIServerResponsepipeOut\", \"/get-stock-quoteAPIServerResponse/204/responseHeaders/content-typepipeOut\", \"/get-stock-quoteAPIServerResponse/204/responseHeaderspipeOut\", \"/get-stock-quoteAPIServerResponse/204pipeOut\", \"/get-stock-quoteAPIServerResponsepipeOut\", \"/get-stock-quoteAPIServerResponse/400/responseHeaders/Content-TypepipeOut\", \"/get-stock-quoteAPIServerResponse/400/responseHeaderspipeOut\", \"/get-stock-quoteAPIServerResponse/400pipeOut\", \"/get-stock-quoteAPIServerResponsepipeOut\", \"/get-stock-quoteAPIServerResponse/500/responseHeaders/content-typepipeOut\", \"/get-stock-quoteAPIServerResponse/500/responseHeaderspipeOut\", \"/get-stock-quoteAPIServerResponse/500pipeOut\", \"/get-stock-quoteAPIServerResponsepipeOut\"]}",
    "null" : false
  },
  "output_structure_json" : {
    "type" : "jsonb",
    "value" : "{\"maps\": [{\"/quoteserviceOutput\": [{\"type\": \"map\", \"source\": {\"path\": \"/quoteserviceOutput\", \"title\": \"quoteserviceOutput\", \"dataElementType\": \"document\"}, \"target\": {\"path\": \"/quoteserviceOutput\", \"order\": 1, \"title\": \"quoteserviceOutput\", \"dataElementType\": \"document\"}, \"mapCondition\": {\"isConditionSet\": false, \"sourceTreeIndex\": [], \"targetTreeIndex\": [], \"mapConditionFormValue\": {}}}]}, {\"/status\": [{\"type\": \"map\", \"source\": {\"path\": \"/quoteserviceOutput/ResponseStatus\", \"title\": \"ResponseStatus\", \"dataElementType\": \"string\"}, \"target\": {\"path\": \"/status\", \"order\": 1, \"title\": \"status\", \"dataElementType\": \"string\"}, \"mapCondition\": {\"isConditionSet\": false, \"sourceTreeIndex\": [], \"targetTreeIndex\": [], \"mapConditionFormValue\": {}}}]}, {\"/get-stock-quoteAPIServerResponse/200\": [{\"type\": \"map\", \"source\": {\"path\": \"/quoteserviceOutput/ResponseBody\", \"title\": \"ResponseBody\", \"dataElementType\": \"document\"}, \"target\": {\"path\": \"/get-stock-quoteAPIServerResponse/200\", \"order\": 1, \"title\": \"200\", \"dataElementType\": \"document\"}, \"mapCondition\": {\"isConditionSet\": false, \"sourceTreeIndex\": [], \"targetTreeIndex\": [], \"mapConditionFormValue\": {}}}]}, {\"/get-stock-quoteAPIServerResponse/204\": [{\"type\": \"map\", \"source\": {\"path\": \"/quoteserviceOutput/ResponseBody\", \"title\": \"ResponseBody\", \"dataElementType\": \"document\"}, \"target\": {\"path\": \"/get-stock-quoteAPIServerResponse/204\", \"order\": 1, \"title\": \"204\", \"dataElementType\": \"document\"}, \"mapCondition\": {\"isConditionSet\": false, \"sourceTreeIndex\": [], \"targetTreeIndex\": [], \"mapConditionFormValue\": {}}}]}, {\"/get-stock-quoteAPIServerResponse/400\": [{\"type\": \"map\", \"source\": {\"path\": \"/quoteserviceOutput/ResponseBody\", \"title\": \"ResponseBody\", \"dataElementType\": \"document\"}, \"target\": {\"path\": \"/get-stock-quoteAPIServerResponse/400\", \"order\": 1, \"title\": \"400\", \"dataElementType\": \"document\"}, \"mapCondition\": {\"isConditionSet\": false, \"sourceTreeIndex\": [], \"targetTreeIndex\": [], \"mapConditionFormValue\": {}}}]}, {\"/get-stock-quoteAPIServerResponse/500\": [{\"type\": \"map\", \"source\": {\"path\": \"/quoteserviceOutput/ResponseBody\", \"title\": \"ResponseBody\", \"dataElementType\": \"document\"}, \"target\": {\"path\": \"/get-stock-quoteAPIServerResponse/500\", \"order\": 1, \"title\": \"500\", \"dataElementType\": \"document\"}, \"mapCondition\": {\"isConditionSet\": false, \"sourceTreeIndex\": [], \"targetTreeIndex\": [], \"mapConditionFormValue\": {}}}]}, {\"/get-stock-quoteAPIServerResponse/200/responseHeaders/content-type\": [{\"type\": \"setValue\", \"order\": 17, \"target\": {\"path\": \"/get-stock-quoteAPIServerResponse/200/responseHeaders/content-type\", \"order\": 17, \"title\": \"content-type\", \"dataElementType\": \"string\"}, \"values\": [{\"id\": \"44d24304-2555-4ab6-a999-ae63b846402c\", \"key\": \"/get-stock-quoteAPIServerResponse/200/responseHeaders/content-type\", \"type\": \"string\", \"order\": 17, \"title\": \"content-type\", \"isLeaf\": true, \"setValue\": null, \"uiElement\": \"application/json\", \"isSetValue\": false, \"childrenSet\": false, \"hasChildren\": false, \"dataElementType\": \"string\", \"encryption_required\": false}], \"mapCondition\": {\"isConditionSet\": false, \"sourceTreeIndex\": [], \"targetTreeIndex\": [], \"mapConditionFormValue\": {}}, \"dataElementType\": \"string\", \"variableSubstitution\": false, \"overwritePipelineValue\": false}]}, {\"/get-stock-quoteAPIServerResponse/204/responseHeaders/content-type\": [{\"type\": \"setValue\", \"order\": 8, \"target\": {\"path\": \"/get-stock-quoteAPIServerResponse/204/responseHeaders/content-type\", \"order\": 8, \"title\": \"content-type\", \"dataElementType\": \"string\"}, \"values\": [{\"id\": \"295dfab0-50fa-44af-88ad-7f8f0c097296\", \"key\": \"/get-stock-quoteAPIServerResponse/204/responseHeaders/content-type\", \"type\": \"string\", \"order\": 8, \"title\": \"content-type\", \"isLeaf\": true, \"setValue\": null, \"uiElement\": \"application/json\", \"isSetValue\": false, \"childrenSet\": false, \"hasChildren\": false, \"dataElementType\": \"string\", \"encryption_required\": false}], \"mapCondition\": {\"isConditionSet\": false, \"sourceTreeIndex\": [], \"targetTreeIndex\": [], \"mapConditionFormValue\": {}}, \"dataElementType\": \"string\", \"variableSubstitution\": false, \"overwritePipelineValue\": false}]}, {\"/get-stock-quoteAPIServerResponse/400/responseHeaders/Content-Type\": [{\"type\": \"setValue\", \"order\": 13, \"target\": {\"path\": \"/get-stock-quoteAPIServerResponse/400/responseHeaders/Content-Type\", \"order\": 13, \"title\": \"Content-Type\", \"dataElementType\": \"string\"}, \"values\": [{\"id\": \"36f02e75-e2a5-498d-9a8d-e756933f1c4b\", \"key\": \"/get-stock-quoteAPIServerResponse/400/responseHeaders/Content-Type\", \"type\": \"string\", \"order\": 13, \"title\": \"Content-Type\", \"isLeaf\": true, \"setValue\": null, \"uiElement\": \"application/json\", \"isSetValue\": false, \"childrenSet\": false, \"hasChildren\": false, \"dataElementType\": \"string\", \"encryption_required\": false}], \"mapCondition\": {\"isConditionSet\": false, \"sourceTreeIndex\": [], \"targetTreeIndex\": [], \"mapConditionFormValue\": {}}, \"dataElementType\": \"string\", \"variableSubstitution\": false, \"overwritePipelineValue\": false}]}, {\"/get-stock-quoteAPIServerResponse/500/responseHeaders/content-type\": [{\"type\": \"setValue\", \"order\": 8, \"target\": {\"path\": \"/get-stock-quoteAPIServerResponse/500/responseHeaders/content-type\", \"order\": 8, \"title\": \"content-type\", \"dataElementType\": \"string\"}, \"values\": [{\"id\": \"ba69d9cf-02d1-4882-8656-df5213867761\", \"key\": \"/get-stock-quoteAPIServerResponse/500/responseHeaders/content-type\", \"type\": \"string\", \"order\": 8, \"title\": \"content-type\", \"isLeaf\": true, \"setValue\": null, \"uiElement\": \"application/json\", \"isSetValue\": false, \"childrenSet\": false, \"hasChildren\": false, \"dataElementType\": \"string\", \"encryption_required\": false}], \"mapCondition\": {\"isConditionSet\": false, \"sourceTreeIndex\": [], \"targetTreeIndex\": [], \"mapConditionFormValue\": {}}, \"dataElementType\": \"string\", \"variableSubstitution\": false, \"overwritePipelineValue\": false}]}], \"tracks\": {}, \"transformer\": []}",
    "null" : false
  },
  "endpoint_structure_json" : {
    "type" : "jsonb",
    "value" : "{\"maps\": []}",
    "null" : false
  },
  "is_error" : false,
  "no_of_errors" : 0,
  "action_input_type" : null,
  "config_service_id" : "c3ad1946-6be5-4a90-8c7f-2a9b2526ac5b",
  "config_imap_id" : null,
  "config_b2b_document_type_id" : null,
  "config_document_id" : null,
  "add_variables" : {
    "type" : "jsonb",
    "value" : "[]",
    "null" : false
  },
  "drop_variables" : {
    "type" : "jsonb",
    "value" : "[]",
    "null" : false
  },
  "plug_input_structure" : null,
  "plug_output_structure" : null,
  "config_plug_id" : null,
  "override_plug" : false,
  "config_java_service_id" : null,
  "service_tag" : "V11",
  "endpoint_tag" : null,
  "config_service_tag" : "EMPTY",
  "config_imap_tag" : "",
  "config_b2b_document_type_tag" : "",
  "active" : false,
  "parent_component_config_service_tag" : "V11",
  "service_project_id" : "d15a3eea-56b1-4b22-8e37-6a178b5611d5",
  "service_project_tag" : "V11",
  "config_service_project_id" : "d15a3eea-56b1-4b22-8e37-6a178b5611d5",
  "config_service_project_tag" : "EMPTY",
  "config_imap_project_id" : null,
  "config_imap_project_tag" : "",
  "config_b2b_document_type_project_id" : null,
  "config_b2b_document_type_project_tag" : "",
  "endpoint_project_id" : null,
  "endpoint_project_tag" : null,
  "config_plug_tag" : null,
  "config_plug_project_id" : null,
  "config_plug_project_tag" : null,
  "config_java_service_tag" : "",
  "config_java_service_project_id" : null,
  "config_java_service_project_tag" : "",
  "disabled" : false,
  "config" : {
    "type" : "json",
    "value" : "{\"serviceProjectName\":\"LB_StockQuoteFH2\"}",
    "null" : false
  },
  "config_b2b_document_type_project_mode_id" : "112c1cb8-4b9e-4d1a-a042-0bd031dc7d05",
  "config_imap_project_mode_id" : "112c1cb8-4b9e-4d1a-a042-0bd031dc7d05",
  "config_java_service_project_mode_id" : "112c1cb8-4b9e-4d1a-a042-0bd031dc7d05",
  "config_plug_project_mode_id" : "112c1cb8-4b9e-4d1a-a042-0bd031dc7d05",
  "config_service_project_mode_id" : "112c1cb8-4b9e-4d1a-a042-0bd031dc7d05",
  "endpoint_project_mode_id" : "112c1cb8-4b9e-4d1a-a042-0bd031dc7d05",
  "service_project_mode_id" : "112c1cb8-4b9e-4d1a-a042-0bd031dc7d05",
  "parent_component_config_service_project_mode_id" : "112c1cb8-4b9e-4d1a-a042-0bd031dc7d05",
  "is_audit" : true,
  "keys_with_order" : null
}