{
  "component_config_id" : "9d637c33-0922-4d27-8ddf-bc1d32999d43",
  "endpoint_config_json" : {
    "type" : "jsonb",
    "value" : "{\"crossRef\": [], \"services\": [], \"multistep\": [], \"operations\": []}",
    "null" : false
  },
  "input_config_json" : {
    "type" : "jsonb",
    "value" : "{\"crossRef\": [], \"services\": [], \"multistep\": [], \"operations\": []}",
    "null" : false
  },
  "output_config_json" : {
    "type" : "jsonb",
    "value" : "{\"crossRef\": [], \"services\": [], \"multistep\": [], \"operations\": [{\"map\": {\"id\": \"4ecc590f-f14a-4e34-9102-ea1ca60c031d\", \"root\": false, \"type\": \"map\", \"cached\": false, \"source\": \"/quoteOutput/response/o\", \"target\": \"/QuoteResponse/Quote/OpenPrice\", \"mapNull\": false, \"disabled\": false, \"extractXml\": false, \"extractJson\": false, \"targetOrder\": 10.0, \"mapEmptyString\": false, \"sourceJavaType\": \"java.lang.Float\", \"targetJavaType\": \"java.lang.Float\"}}, {\"map\": {\"id\": \"e30f20f4-15fc-42a4-a056-45e8ab7c0c3f\", \"root\": false, \"type\": \"map\", \"cached\": false, \"source\": \"/quoteOutput/response/h\", \"target\": \"/QuoteResponse/Quote/DayHigh\", \"mapNull\": false, \"disabled\": false, \"extractXml\": false, \"extractJson\": false, \"targetOrder\": 8.0, \"mapEmptyString\": false, \"sourceJavaType\": \"java.lang.Float\", \"targetJavaType\": \"java.lang.Float\"}}, {\"map\": {\"id\": \"d78e04c2-090d-4b36-b8ec-3fc6f90317f3\", \"root\": false, \"type\": \"map\", \"cached\": false, \"source\": \"/quoteOutput/response/l\", \"target\": \"/QuoteResponse/Quote/DayLow\", \"mapNull\": false, \"disabled\": false, \"extractXml\": false, \"extractJson\": false, \"targetOrder\": 9.0, \"mapEmptyString\": false, \"sourceJavaType\": \"java.lang.Float\", \"targetJavaType\": \"java.lang.Float\"}}, {\"map\": {\"id\": \"d0ed59f4-762b-4581-b8f3-b56f7129ffee\", \"root\": false, \"type\": \"map\", \"cached\": false, \"source\": \"/quoteOutput/response/c\", \"target\": \"/QuoteResponse/Quote/Price\", \"mapNull\": false, \"disabled\": false, \"extractXml\": false, \"extractJson\": false, \"targetOrder\": 6.0, \"mapEmptyString\": false, \"sourceJavaType\": \"java.lang.Float\", \"targetJavaType\": \"java.lang.Float\"}}, {\"map\": {\"id\": \"360118db-d8ab-4b3f-b009-e6d062ff9783\", \"root\": false, \"type\": \"map\", \"cached\": false, \"source\": \"/quoteOutput/response/d\", \"target\": \"/QuoteResponse/Quote/Change\", \"mapNull\": false, \"disabled\": false, \"extractXml\": false, \"extractJson\": false, \"targetOrder\": 7.0, \"mapEmptyString\": false, \"sourceJavaType\": \"java.lang.Float\", \"targetJavaType\": \"java.lang.Float\"}}, {\"map\": {\"id\": \"0c06d719-a34d-4ece-bde0-579b8474668f\", \"root\": false, \"type\": \"map\", \"cached\": false, \"source\": \"/quoteOutput/response/dp\", \"target\": \"/QuoteResponse/Quote/ChangePercent\", \"mapNull\": false, \"disabled\": false, \"extractXml\": false, \"extractJson\": false, \"targetOrder\": 5.0, \"mapEmptyString\": false, \"sourceJavaType\": \"java.lang.Float\", \"targetJavaType\": \"java.lang.Float\"}}, {\"map\": {\"id\": \"67976b15-f0d9-4e39-881f-2c3af084154f\", \"root\": false, \"type\": \"map\", \"cached\": false, \"source\": \"/company-profile2Output/response/ticker\", \"target\": \"/QuoteResponse/Quote/Symbol\", \"mapNull\": false, \"disabled\": false, \"extractXml\": false, \"extractJson\": false, \"targetOrder\": 2.0, \"mapEmptyString\": false, \"sourceJavaType\": \"java.lang.String\", \"targetJavaType\": \"java.lang.String\"}}, {\"map\": {\"id\": \"f652d307-bdf0-4611-aed8-153606ff0b7c\", \"root\": false, \"type\": \"map\", \"cached\": false, \"source\": \"/company-profile2Output/response/name\", \"target\": \"/QuoteResponse/Quote/Name\", \"mapNull\": false, \"disabled\": false, \"extractXml\": false, \"extractJson\": false, \"targetOrder\": 3.0, \"mapEmptyString\": false, \"sourceJavaType\": \"java.lang.String\", \"targetJavaType\": \"java.lang.String\"}}]}",
    "null" : false
  },
  "component_id" : "8ac5fe03-27a2-4e6a-a449-6a8893818223",
  "service_id" : "bd3487bf-7da9-4af8-a5ed-3b1f77dd6820",
  "endpoint_id" : null,
  "parent_component_config_id" : null,
  "component_config_order" : 4.0,
  "action_id" : "06843b78-eab0-45da-afab-8c8277d7553f",
  "name" : "Map response",
  "description" : "",
  "override_endpoint" : false,
  "input_structure_json" : {
    "type" : "jsonb",
    "value" : "{\"maps\": [], \"mappedNodes\": [\"/quoteOutput/response/o pipeIn\", \"/QuoteResponse/Quote/OpenPricepipeOut\", \"/quoteOutput/response/h pipeIn\", \"/QuoteResponse/Quote/DayHighpipeOut\", \"/quoteOutput/response/l pipeIn\", \"/QuoteResponse/Quote/DayLowpipeOut\", \"/quoteOutput/response/c pipeIn\", \"/QuoteResponse/Quote/PricepipeOut\", \"/quoteOutput/response/d pipeIn\", \"/QuoteResponse/Quote/ChangepipeOut\", \"/quoteOutput/response/dp pipeIn\", \"/QuoteResponse/Quote/ChangePercentpipeOut\", \"/company-profile2Output/response/ticker pipeIn\", \"/QuoteResponse/Quote/SymbolpipeOut\", \"/company-profile2Output/response/name pipeIn\", \"/QuoteResponse/Quote/NamepipeOut\"]}",
    "null" : false
  },
  "output_structure_json" : {
    "type" : "jsonb",
    "value" : "{\"maps\": [{\"/QuoteResponse/Quote/OpenPrice\": [{\"type\": \"map\", \"source\": {\"path\": \"/quoteOutput/response/o\", \"title\": \"o\", \"dataElementType\": \"number\"}, \"target\": {\"path\": \"/QuoteResponse/Quote/OpenPrice\", \"order\": 10, \"title\": \"OpenPrice\", \"dataElementType\": \"number\"}, \"mapCondition\": {\"isConditionSet\": false, \"sourceTreeIndex\": [], \"targetTreeIndex\": [], \"mapConditionFormValue\": {}}}]}, {\"/QuoteResponse/Quote/DayHigh\": [{\"type\": \"map\", \"source\": {\"path\": \"/quoteOutput/response/h\", \"title\": \"h\", \"dataElementType\": \"number\"}, \"target\": {\"path\": \"/QuoteResponse/Quote/DayHigh\", \"order\": 8, \"title\": \"DayHigh\", \"dataElementType\": \"number\"}, \"mapCondition\": {\"isConditionSet\": false, \"sourceTreeIndex\": [], \"targetTreeIndex\": [], \"mapConditionFormValue\": {}}}]}, {\"/QuoteResponse/Quote/DayLow\": [{\"type\": \"map\", \"source\": {\"path\": \"/quoteOutput/response/l\", \"title\": \"l\", \"dataElementType\": \"number\"}, \"target\": {\"path\": \"/QuoteResponse/Quote/DayLow\", \"order\": 9, \"title\": \"DayLow\", \"dataElementType\": \"number\"}, \"mapCondition\": {\"isConditionSet\": false, \"sourceTreeIndex\": [], \"targetTreeIndex\": [], \"mapConditionFormValue\": {}}}]}, {\"/QuoteResponse/Quote/Price\": [{\"type\": \"map\", \"source\": {\"path\": \"/quoteOutput/response/c\", \"title\": \"c\", \"dataElementType\": \"number\"}, \"target\": {\"path\": \"/QuoteResponse/Quote/Price\", \"order\": 6, \"title\": \"Price\", \"dataElementType\": \"number\"}, \"mapCondition\": {\"isConditionSet\": false, \"sourceTreeIndex\": [], \"targetTreeIndex\": [], \"mapConditionFormValue\": {}}}]}, {\"/QuoteResponse/Quote/Change\": [{\"type\": \"map\", \"source\": {\"path\": \"/quoteOutput/response/d\", \"title\": \"d\", \"dataElementType\": \"number\"}, \"target\": {\"path\": \"/QuoteResponse/Quote/Change\", \"order\": 7, \"title\": \"Change\", \"dataElementType\": \"number\"}, \"mapCondition\": {\"isConditionSet\": false, \"sourceTreeIndex\": [], \"targetTreeIndex\": [], \"mapConditionFormValue\": {}}}]}, {\"/QuoteResponse/Quote/ChangePercent\": [{\"type\": \"map\", \"source\": {\"path\": \"/quoteOutput/response/dp\", \"title\": \"dp\", \"dataElementType\": \"number\"}, \"target\": {\"path\": \"/QuoteResponse/Quote/ChangePercent\", \"order\": 5, \"title\": \"ChangePercent\", \"dataElementType\": \"number\"}, \"mapCondition\": {\"isConditionSet\": false, \"sourceTreeIndex\": [], \"targetTreeIndex\": [], \"mapConditionFormValue\": {}}}]}, {\"/QuoteResponse/Quote/Symbol\": [{\"type\": \"map\", \"source\": {\"path\": \"/company-profile2Output/response/ticker\", \"title\": \"ticker\", \"dataElementType\": \"string\"}, \"target\": {\"path\": \"/QuoteResponse/Quote/Symbol\", \"order\": 2, \"title\": \"Symbol\", \"dataElementType\": \"string\"}, \"mapCondition\": {\"isConditionSet\": false, \"sourceTreeIndex\": [], \"targetTreeIndex\": [], \"mapConditionFormValue\": {}}}]}, {\"/QuoteResponse/Quote/Name\": [{\"type\": \"map\", \"source\": {\"path\": \"/company-profile2Output/response/name\", \"title\": \"name\", \"dataElementType\": \"string\"}, \"target\": {\"path\": \"/QuoteResponse/Quote/Name\", \"order\": 3, \"title\": \"Name\", \"dataElementType\": \"string\"}, \"mapCondition\": {\"isConditionSet\": false, \"sourceTreeIndex\": [], \"targetTreeIndex\": [], \"mapConditionFormValue\": {}}}]}], \"tracks\": {}, \"transformer\": []}",
    "null" : false
  },
  "endpoint_structure_json" : {
    "type" : "jsonb",
    "value" : "{\"maps\": []}",
    "null" : false
  },
  "is_error" : false,
  "no_of_errors" : 0,
  "action_input_type" : null,
  "config_service_id" : null,
  "config_imap_id" : null,
  "config_b2b_document_type_id" : null,
  "config_document_id" : null,
  "add_variables" : {
    "type" : "jsonb",
    "value" : "[]",
    "null" : false
  },
  "drop_variables" : {
    "type" : "jsonb",
    "value" : "[]",
    "null" : false
  },
  "plug_input_structure" : null,
  "plug_output_structure" : null,
  "config_plug_id" : null,
  "override_plug" : false,
  "config_java_service_id" : null,
  "service_tag" : "V11",
  "endpoint_tag" : null,
  "config_service_tag" : "",
  "config_imap_tag" : "",
  "config_b2b_document_type_tag" : "",
  "active" : false,
  "parent_component_config_service_tag" : "V11",
  "service_project_id" : "d15a3eea-56b1-4b22-8e37-6a178b5611d5",
  "service_project_tag" : "V11",
  "config_service_project_id" : null,
  "config_service_project_tag" : "",
  "config_imap_project_id" : null,
  "config_imap_project_tag" : "",
  "config_b2b_document_type_project_id" : null,
  "config_b2b_document_type_project_tag" : "",
  "endpoint_project_id" : null,
  "endpoint_project_tag" : null,
  "config_plug_tag" : null,
  "config_plug_project_id" : null,
  "config_plug_project_tag" : null,
  "config_java_service_tag" : "",
  "config_java_service_project_id" : null,
  "config_java_service_project_tag" : "",
  "disabled" : false,
  "config" : null,
  "config_b2b_document_type_project_mode_id" : "112c1cb8-4b9e-4d1a-a042-0bd031dc7d05",
  "config_imap_project_mode_id" : "112c1cb8-4b9e-4d1a-a042-0bd031dc7d05",
  "config_java_service_project_mode_id" : "112c1cb8-4b9e-4d1a-a042-0bd031dc7d05",
  "config_plug_project_mode_id" : "112c1cb8-4b9e-4d1a-a042-0bd031dc7d05",
  "config_service_project_mode_id" : "112c1cb8-4b9e-4d1a-a042-0bd031dc7d05",
  "endpoint_project_mode_id" : "112c1cb8-4b9e-4d1a-a042-0bd031dc7d05",
  "service_project_mode_id" : "112c1cb8-4b9e-4d1a-a042-0bd031dc7d05",
  "parent_component_config_service_project_mode_id" : "112c1cb8-4b9e-4d1a-a042-0bd031dc7d05",
  "is_audit" : true,
  "keys_with_order" : null
}