{
  "component_config_id" : "57cf8098-c364-4530-8e26-074a6ba02730",
  "endpoint_config_json" : {
    "type" : "jsonb",
    "value" : "{\"crossRef\": [], \"services\": [], \"multistep\": [], \"operations\": []}",
    "null" : false
  },
  "input_config_json" : {
    "type" : "jsonb",
    "value" : "{\"crossRef\": [], \"services\": [], \"multistep\": [], \"operations\": [{\"map\": {\"id\": \"87955a0a-4bcb-45ef-aafc-6e6cb8372e3f\", \"root\": true, \"type\": \"map\", \"cached\": false, \"source\": \"/RemoveSymbolFromStockWatchListMCPServerRequest\", \"target\": \"/GetToolHeaderAppIdInput/MCPServer\", \"mapNull\": false, \"disabled\": false, \"extractXml\": false, \"extractJson\": false, \"targetOrder\": 1.0, \"mapEmptyString\": false}}]}",
    "null" : false
  },
  "output_config_json" : {
    "type" : "jsonb",
    "value" : "{\"crossRef\": [], \"services\": [], \"multistep\": [], \"operations\": [{\"map\": {\"id\": \"2557bb06-1692-4910-943d-978b60689277\", \"root\": true, \"type\": \"map\", \"cached\": false, \"source\": \"/GetToolHeaderAppIdOutput\", \"target\": \"/GetToolHeaderAppIdOutput\", \"mapNull\": false, \"disabled\": false, \"extractXml\": false, \"extractJson\": false, \"targetOrder\": 1.0, \"mapEmptyString\": false}}]}",
    "null" : false
  },
  "component_id" : "756d919f-1b1f-4eab-9f44-2f7b5bbe175c",
  "service_id" : "3379af13-51c9-43f1-ab64-2d66ca4f4b80",
  "endpoint_id" : null,
  "parent_component_config_id" : "ed645a11-3ccc-4fde-adb2-e1665642634b",
  "component_config_order" : 0.25,
  "action_id" : "8e231fcc-71d0-43f6-9303-70dcb0ca6080",
  "name" : "Call GetToolHeaderAppId",
  "description" : "",
  "override_endpoint" : false,
  "input_structure_json" : {
    "type" : "jsonb",
    "value" : "{\"maps\": [{\"/GetToolHeaderAppIdInput/MCPServer\": [{\"type\": \"map\", \"source\": {\"path\": \"/RemoveSymbolFromStockWatchListMCPServerRequest\", \"title\": \"RemoveSymbolFromStockWatchListMCPServerRequest\", \"dataElementType\": \"document\"}, \"target\": {\"path\": \"/GetToolHeaderAppIdInput/MCPServer\", \"order\": 1, \"title\": \"MCPServer\", \"dataElementType\": \"document\"}, \"mapCondition\": {\"isConditionSet\": false, \"sourceTreeIndex\": [], \"targetTreeIndex\": [], \"mapConditionFormValue\": {}}}]}], \"mappedNodes\": [\"/GetToolHeaderAppIdOutputactionOut\", \"/GetToolHeaderAppIdOutputpipeOut\", \"/RemoveSymbolFromStockWatchListMCPServerRequest pipeIn\", \"/GetToolHeaderAppIdInput/MCPServer actionIn\"]}",
    "null" : false
  },
  "output_structure_json" : {
    "type" : "jsonb",
    "value" : "{\"maps\": [{\"/GetToolHeaderAppIdOutput\": [{\"type\": \"map\", \"source\": {\"path\": \"/GetToolHeaderAppIdOutput\", \"title\": \"GetToolHeaderAppIdOutput\", \"dataElementType\": \"document\"}, \"target\": {\"path\": \"/GetToolHeaderAppIdOutput\", \"order\": 1, \"title\": \"GetToolHeaderAppIdOutput\", \"dataElementType\": \"document\"}, \"mapCondition\": {\"isConditionSet\": false, \"sourceTreeIndex\": [], \"targetTreeIndex\": [], \"mapConditionFormValue\": {}}}]}], \"tracks\": {}, \"transformer\": []}",
    "null" : false
  },
  "endpoint_structure_json" : {
    "type" : "jsonb",
    "value" : "{\"maps\": []}",
    "null" : false
  },
  "is_error" : false,
  "no_of_errors" : 0,
  "action_input_type" : null,
  "config_service_id" : "b5840785-5949-48de-bfc1-8e87f5ba406b",
  "config_imap_id" : null,
  "config_b2b_document_type_id" : null,
  "config_document_id" : null,
  "add_variables" : {
    "type" : "jsonb",
    "value" : "[]",
    "null" : false
  },
  "drop_variables" : {
    "type" : "jsonb",
    "value" : "[]",
    "null" : false
  },
  "plug_input_structure" : null,
  "plug_output_structure" : null,
  "config_plug_id" : null,
  "override_plug" : false,
  "config_java_service_id" : null,
  "service_tag" : "V5",
  "endpoint_tag" : null,
  "config_service_tag" : "EMPTY",
  "config_imap_tag" : "",
  "config_b2b_document_type_tag" : "",
  "active" : false,
  "parent_component_config_service_tag" : "V5",
  "service_project_id" : "ff43f984-d7dc-4e43-9c26-837e5d52773f",
  "service_project_tag" : "V5",
  "config_service_project_id" : "ff43f984-d7dc-4e43-9c26-837e5d52773f",
  "config_service_project_tag" : "EMPTY",
  "config_imap_project_id" : null,
  "config_imap_project_tag" : "",
  "config_b2b_document_type_project_id" : null,
  "config_b2b_document_type_project_tag" : "",
  "endpoint_project_id" : null,
  "endpoint_project_tag" : null,
  "config_plug_tag" : null,
  "config_plug_project_id" : null,
  "config_plug_project_tag" : null,
  "config_java_service_tag" : "",
  "config_java_service_project_id" : null,
  "config_java_service_project_tag" : "",
  "disabled" : false,
  "config" : {
    "type" : "json",
    "value" : "{\"serviceProjectName\":\"FusionStockWatchListMCP\"}",
    "null" : false
  },
  "config_b2b_document_type_project_mode_id" : "112c1cb8-4b9e-4d1a-a042-0bd031dc7d05",
  "config_imap_project_mode_id" : "112c1cb8-4b9e-4d1a-a042-0bd031dc7d05",
  "config_java_service_project_mode_id" : "112c1cb8-4b9e-4d1a-a042-0bd031dc7d05",
  "config_plug_project_mode_id" : "112c1cb8-4b9e-4d1a-a042-0bd031dc7d05",
  "config_service_project_mode_id" : "112c1cb8-4b9e-4d1a-a042-0bd031dc7d05",
  "endpoint_project_mode_id" : "112c1cb8-4b9e-4d1a-a042-0bd031dc7d05",
  "service_project_mode_id" : "112c1cb8-4b9e-4d1a-a042-0bd031dc7d05",
  "parent_component_config_service_project_mode_id" : "112c1cb8-4b9e-4d1a-a042-0bd031dc7d05",
  "is_audit" : true,
  "keys_with_order" : null
}