{
  "component_config_id" : "b4c57a69-de5e-449b-86af-3978d313eb2e",
  "endpoint_config_json" : {
    "type" : "jsonb",
    "value" : "{\"crossRef\": [], \"services\": [], \"multistep\": [], \"operations\": []}",
    "null" : false
  },
  "input_config_json" : {
    "type" : "jsonb",
    "value" : "{\"crossRef\": [], \"services\": [], \"multistep\": [], \"operations\": [{\"map\": {\"id\": \"b45d4d8b-0c85-4fbf-9c6d-62b151ce1db4\", \"root\": false, \"type\": \"map\", \"cached\": false, \"source\": \"/RemoveSymbolFromStockWatchListMCPServerRequest/body/symbol\", \"target\": \"/RemoveSymbolFromStockWatchList-ServiceInput/symbol\", \"mapNull\": false, \"disabled\": false, \"extractXml\": false, \"extractJson\": false, \"targetOrder\": 1.0, \"mapEmptyString\": false, \"sourceJavaType\": \"java.lang.String\", \"targetJavaType\": \"java.lang.String\"}}, {\"map\": {\"id\": \"a01cf789-3bad-4026-bc6a-d36c91a255ea\", \"root\": false, \"type\": \"map\", \"cached\": false, \"source\": \"/GetToolHeaderAppIdOutput/appId\", \"target\": \"/RemoveSymbolFromStockWatchList-ServiceInput/appId\", \"mapNull\": false, \"disabled\": false, \"extractXml\": false, \"extractJson\": false, \"targetOrder\": 1.0, \"mapEmptyString\": false, \"sourceJavaType\": \"java.lang.String\", \"targetJavaType\": \"java.lang.String\"}}]}",
    "null" : false
  },
  "output_config_json" : {
    "type" : "jsonb",
    "value" : "{\"crossRef\": [], \"services\": [], \"multistep\": [], \"operations\": [{\"map\": {\"id\": \"3716267e-7035-47c4-8797-9ce34505c40a\", \"root\": true, \"type\": \"map\", \"cached\": false, \"source\": \"/RemoveSymbolFromStockWatchList-ServiceOutput\", \"target\": \"/RemoveSymbolFromStockWatchList-ServiceOutput\", \"mapNull\": false, \"disabled\": false, \"extractXml\": false, \"extractJson\": false, \"targetOrder\": 1.0, \"mapEmptyString\": false}}, {\"map\": {\"id\": \"8670a00d-e3f0-468f-a4a1-c758a96f853c\", \"root\": false, \"type\": \"map\", \"cached\": false, \"source\": \"/RemoveSymbolFromStockWatchList-ServiceOutput/toolResponseType\", \"target\": \"/toolResponseType\", \"mapNull\": false, \"disabled\": false, \"extractXml\": false, \"extractJson\": false, \"targetOrder\": 1.0, \"mapEmptyString\": false, \"sourceJavaType\": \"java.lang.String\", \"targetJavaType\": \"java.lang.String\"}}, {\"map\": {\"id\": \"0246996c-a9e5-4184-904a-085674550e82\", \"root\": false, \"type\": \"map\", \"cached\": false, \"source\": \"/RemoveSymbolFromStockWatchList-ServiceOutput/toolResponseText\", \"target\": \"/RemoveSymbolFromStockWatchListMCPServerResponse/TextContent/result/content[]/text\", \"mapNull\": false, \"disabled\": false, \"extractXml\": false, \"extractJson\": false, \"targetOrder\": 5.0, \"mapEmptyString\": false, \"sourceJavaType\": \"java.lang.String\", \"targetJavaType\": \"java.lang.String\"}}]}",
    "null" : false
  },
  "component_id" : "756d919f-1b1f-4eab-9f44-2f7b5bbe175c",
  "service_id" : "3379af13-51c9-43f1-ab64-2d66ca4f4b80",
  "endpoint_id" : null,
  "parent_component_config_id" : "ed645a11-3ccc-4fde-adb2-e1665642634b",
  "component_config_order" : 0.5,
  "action_id" : "8e231fcc-71d0-43f6-9303-70dcb0ca6080",
  "name" : "Call RemoveSymbolFromStockWatchList-Service",
  "description" : "",
  "override_endpoint" : false,
  "input_structure_json" : {
    "type" : "jsonb",
    "value" : "{\"maps\": [{\"/RemoveSymbolFromStockWatchList-ServiceInput/symbol\": [{\"type\": \"map\", \"source\": {\"path\": \"/RemoveSymbolFromStockWatchListMCPServerRequest/body/symbol\", \"title\": \"symbol\", \"dataElementType\": \"string\"}, \"target\": {\"path\": \"/RemoveSymbolFromStockWatchList-ServiceInput/symbol\", \"order\": 1, \"title\": \"symbol\", \"dataElementType\": \"string\"}, \"mapCondition\": {\"isConditionSet\": false, \"sourceTreeIndex\": [], \"targetTreeIndex\": [], \"mapConditionFormValue\": {}}}]}, {\"/RemoveSymbolFromStockWatchList-ServiceInput/appId\": [{\"type\": \"map\", \"source\": {\"path\": \"/GetToolHeaderAppIdOutput/appId\", \"title\": \"appId\", \"dataElementType\": \"string\"}, \"target\": {\"path\": \"/RemoveSymbolFromStockWatchList-ServiceInput/appId\", \"order\": 1, \"title\": \"appId\", \"dataElementType\": \"string\"}, \"mapCondition\": {\"isConditionSet\": false, \"sourceTreeIndex\": [], \"targetTreeIndex\": [], \"mapConditionFormValue\": {}}}]}], \"mappedNodes\": [\"/RemoveSymbolFromStockWatchList-ServiceOutputactionOut\", \"/RemoveSymbolFromStockWatchList-ServiceOutputpipeOut\", \"/RemoveSymbolFromStockWatchListMCPServerRequest/body/symbol pipeIn\", \"/RemoveSymbolFromStockWatchList-ServiceInput/symbol actionIn\", \"/RemoveSymbolFromStockWatchList-ServiceOutput/toolResponseType\", \"/toolResponseTypepipeOut\", \"/RemoveSymbolFromStockWatchList-ServiceOutput/toolResponseText\", \"/RemoveSymbolFromStockWatchListMCPServerResponse/TextContent/result/content[]/textpipeOut\", \"/GetToolHeaderAppIdOutput/appId pipeIn\", \"/RemoveSymbolFromStockWatchList-ServiceInput/appId actionIn\"]}",
    "null" : false
  },
  "output_structure_json" : {
    "type" : "jsonb",
    "value" : "{\"maps\": [{\"/RemoveSymbolFromStockWatchList-ServiceOutput\": [{\"type\": \"map\", \"source\": {\"path\": \"/RemoveSymbolFromStockWatchList-ServiceOutput\", \"title\": \"RemoveSymbolFromStockWatchList-ServiceOutput\", \"dataElementType\": \"document\"}, \"target\": {\"path\": \"/RemoveSymbolFromStockWatchList-ServiceOutput\", \"order\": 1, \"title\": \"RemoveSymbolFromStockWatchList-ServiceOutput\", \"dataElementType\": \"document\"}, \"mapCondition\": {\"isConditionSet\": false, \"sourceTreeIndex\": [], \"targetTreeIndex\": [], \"mapConditionFormValue\": {}}}]}, {\"/toolResponseType\": [{\"type\": \"map\", \"source\": {\"path\": \"/RemoveSymbolFromStockWatchList-ServiceOutput/toolResponseType\", \"title\": \"toolResponseType\", \"dataElementType\": \"string\"}, \"target\": {\"path\": \"/toolResponseType\", \"order\": 1, \"title\": \"toolResponseType\", \"dataElementType\": \"string\"}, \"mapCondition\": {\"isConditionSet\": false, \"sourceTreeIndex\": [], \"targetTreeIndex\": [], \"mapConditionFormValue\": {}}}]}, {\"/RemoveSymbolFromStockWatchListMCPServerResponse/TextContent/result/content[]/text\": [{\"type\": \"list\", \"source\": {\"path\": \"/RemoveSymbolFromStockWatchList-ServiceOutput/toolResponseText\", \"title\": \"toolResponseText\", \"dataElementType\": \"string\"}, \"target\": {\"path\": \"/RemoveSymbolFromStockWatchListMCPServerResponse/TextContent/result/content[]/text\", \"order\": 5, \"title\": \"text\", \"dataElementType\": \"string\"}, \"mapCondition\": {\"isConditionSet\": false, \"sourceTreeIndex\": [{\"key\": 1, \"title\": \"RemoveSymbolFromStockWatchList-ServiceOutput\", \"isLeaf\": false, \"isArray\": false, \"children\": [{\"key\": 2, \"title\": \"toolResponseText\", \"isLeaf\": false, \"isArray\": false, \"parentKey\": 1}], \"parentKey\": 0}], \"targetTreeIndex\": [{\"key\": 1, \"title\": \"RemoveSymbolFromStockWatchListMCPServerResponse\", \"isLeaf\": false, \"isArray\": false, \"children\": [{\"key\": 2, \"title\": \"TextContent\", \"isLeaf\": false, \"isArray\": false, \"children\": [{\"key\": 3, \"title\": \"result\", \"isLeaf\": false, \"isArray\": false, \"children\": [{\"key\": 4, \"title\": \"content\", \"isLeaf\": false, \"isArray\": true, \"children\": [{\"key\": 5, \"title\": \"text\", \"isLeaf\": false, \"isArray\": false, \"parentKey\": 4}], \"parentKey\": 3, \"arrayIndex\": null}], \"parentKey\": 2}], \"parentKey\": 1}], \"parentKey\": 0}], \"mapConditionFormValue\": {}}}]}], \"tracks\": {}, \"transformer\": []}",
    "null" : false
  },
  "endpoint_structure_json" : {
    "type" : "jsonb",
    "value" : "{\"maps\": []}",
    "null" : false
  },
  "is_error" : false,
  "no_of_errors" : 0,
  "action_input_type" : null,
  "config_service_id" : "58122def-ecf6-4614-9bfd-ceee78e25486",
  "config_imap_id" : null,
  "config_b2b_document_type_id" : null,
  "config_document_id" : null,
  "add_variables" : {
    "type" : "jsonb",
    "value" : "[]",
    "null" : false
  },
  "drop_variables" : {
    "type" : "jsonb",
    "value" : "[]",
    "null" : false
  },
  "plug_input_structure" : null,
  "plug_output_structure" : null,
  "config_plug_id" : null,
  "override_plug" : false,
  "config_java_service_id" : null,
  "service_tag" : "V5",
  "endpoint_tag" : null,
  "config_service_tag" : "EMPTY",
  "config_imap_tag" : "",
  "config_b2b_document_type_tag" : "",
  "active" : false,
  "parent_component_config_service_tag" : "V5",
  "service_project_id" : "ff43f984-d7dc-4e43-9c26-837e5d52773f",
  "service_project_tag" : "V5",
  "config_service_project_id" : "ff43f984-d7dc-4e43-9c26-837e5d52773f",
  "config_service_project_tag" : "EMPTY",
  "config_imap_project_id" : null,
  "config_imap_project_tag" : "",
  "config_b2b_document_type_project_id" : null,
  "config_b2b_document_type_project_tag" : "",
  "endpoint_project_id" : null,
  "endpoint_project_tag" : null,
  "config_plug_tag" : null,
  "config_plug_project_id" : null,
  "config_plug_project_tag" : null,
  "config_java_service_tag" : "",
  "config_java_service_project_id" : null,
  "config_java_service_project_tag" : "",
  "disabled" : false,
  "config" : {
    "type" : "json",
    "value" : "{\"serviceProjectName\":\"FusionStockWatchListMCP\"}",
    "null" : false
  },
  "config_b2b_document_type_project_mode_id" : "112c1cb8-4b9e-4d1a-a042-0bd031dc7d05",
  "config_imap_project_mode_id" : "112c1cb8-4b9e-4d1a-a042-0bd031dc7d05",
  "config_java_service_project_mode_id" : "112c1cb8-4b9e-4d1a-a042-0bd031dc7d05",
  "config_plug_project_mode_id" : "112c1cb8-4b9e-4d1a-a042-0bd031dc7d05",
  "config_service_project_mode_id" : "112c1cb8-4b9e-4d1a-a042-0bd031dc7d05",
  "endpoint_project_mode_id" : "112c1cb8-4b9e-4d1a-a042-0bd031dc7d05",
  "service_project_mode_id" : "112c1cb8-4b9e-4d1a-a042-0bd031dc7d05",
  "parent_component_config_service_project_mode_id" : "112c1cb8-4b9e-4d1a-a042-0bd031dc7d05",
  "is_audit" : true,
  "keys_with_order" : null
}