{
  "component_config_id" : "de60e752-7db4-43c6-90f1-6ad029f0b4db",
  "endpoint_config_json" : {
    "type" : "jsonb",
    "value" : "{\"crossRef\": [], \"services\": [], \"multistep\": [], \"operations\": []}",
    "null" : false
  },
  "input_config_json" : {
    "type" : "jsonb",
    "value" : "{\"crossRef\": [], \"services\": [], \"multistep\": [], \"operations\": [{\"map\": {\"id\": \"33e45976-0bad-413b-94b5-817371586589\", \"root\": false, \"type\": \"map\", \"cached\": false, \"source\": \"/AddSymbolToStockWatchListMCPServerRequest/body/symbol\", \"target\": \"/AddSymbolToStockWatchList-ServiceInput/symbol\", \"mapNull\": false, \"disabled\": false, \"extractXml\": false, \"extractJson\": false, \"targetOrder\": 1.0, \"mapEmptyString\": false, \"sourceJavaType\": \"java.lang.String\", \"targetJavaType\": \"java.lang.String\"}}, {\"map\": {\"id\": \"ed267ff5-1447-4a3f-9ea8-0876ede4ea5b\", \"root\": false, \"type\": \"map\", \"cached\": false, \"source\": \"/GetToolHeaderAppIdOutput/appId\", \"target\": \"/AddSymbolToStockWatchList-ServiceInput/appId\", \"mapNull\": false, \"disabled\": false, \"extractXml\": false, \"extractJson\": false, \"targetOrder\": 1.0, \"mapEmptyString\": false, \"sourceJavaType\": \"java.lang.String\", \"targetJavaType\": \"java.lang.String\"}}]}",
    "null" : false
  },
  "output_config_json" : {
    "type" : "jsonb",
    "value" : "{\"crossRef\": [], \"services\": [], \"multistep\": [], \"operations\": [{\"map\": {\"id\": \"1323fe66-f11a-4ce5-81e6-93fcdadb91d5\", \"root\": true, \"type\": \"map\", \"cached\": false, \"source\": \"/AddSymbolToStockWatchList-ServiceOutput\", \"target\": \"/AddSymbolToStockWatchList-ServiceOutput\", \"mapNull\": false, \"disabled\": false, \"extractXml\": false, \"extractJson\": false, \"targetOrder\": 1.0, \"mapEmptyString\": false}}, {\"map\": {\"id\": \"0e0c5973-b643-4c3d-b16f-32e1d74a3d75\", \"root\": false, \"type\": \"map\", \"cached\": false, \"source\": \"/AddSymbolToStockWatchList-ServiceOutput/toolResponseType\", \"target\": \"/toolResponseType\", \"mapNull\": false, \"disabled\": false, \"extractXml\": false, \"extractJson\": false, \"targetOrder\": 1.0, \"mapEmptyString\": false, \"sourceJavaType\": \"java.lang.String\", \"targetJavaType\": \"java.lang.String\"}}, {\"map\": {\"id\": \"4538fe89-2767-4802-a9c5-ef194de8c08e\", \"root\": false, \"type\": \"map\", \"cached\": false, \"source\": \"/AddSymbolToStockWatchList-ServiceOutput/toolResponseText\", \"target\": \"/AddSymbolToStockWatchListMCPServerResponse/TextContent/result/content[]/text\", \"mapNull\": false, \"disabled\": false, \"extractXml\": false, \"extractJson\": false, \"targetOrder\": 5.0, \"mapEmptyString\": false, \"sourceJavaType\": \"java.lang.String\", \"targetJavaType\": \"java.lang.String\"}}]}",
    "null" : false
  },
  "component_id" : "756d919f-1b1f-4eab-9f44-2f7b5bbe175c",
  "service_id" : "0eb77685-c8ec-4af0-9eae-48c5ef44e1b2",
  "endpoint_id" : null,
  "parent_component_config_id" : "c92fa902-f0cd-428f-9813-65f97b4c8107",
  "component_config_order" : 0.5,
  "action_id" : "8e231fcc-71d0-43f6-9303-70dcb0ca6080",
  "name" : "Call AddSymbolToStockWatchList-Service",
  "description" : "",
  "override_endpoint" : false,
  "input_structure_json" : {
    "type" : "jsonb",
    "value" : "{\"maps\": [{\"/AddSymbolToStockWatchList-ServiceInput/symbol\": [{\"type\": \"map\", \"source\": {\"path\": \"/AddSymbolToStockWatchListMCPServerRequest/body/symbol\", \"title\": \"symbol\", \"dataElementType\": \"string\"}, \"target\": {\"path\": \"/AddSymbolToStockWatchList-ServiceInput/symbol\", \"order\": 1, \"title\": \"symbol\", \"dataElementType\": \"string\"}, \"mapCondition\": {\"isConditionSet\": false, \"sourceTreeIndex\": [], \"targetTreeIndex\": [], \"mapConditionFormValue\": {}}}]}, {\"/AddSymbolToStockWatchList-ServiceInput/appId\": [{\"type\": \"map\", \"source\": {\"path\": \"/GetToolHeaderAppIdOutput/appId\", \"title\": \"appId\", \"dataElementType\": \"string\"}, \"target\": {\"path\": \"/AddSymbolToStockWatchList-ServiceInput/appId\", \"order\": 1, \"title\": \"appId\", \"dataElementType\": \"string\"}, \"mapCondition\": {\"isConditionSet\": false, \"sourceTreeIndex\": [], \"targetTreeIndex\": [], \"mapConditionFormValue\": {}}}]}], \"mappedNodes\": [\"/AddSymbolToStockWatchList-ServiceOutputactionOut\", \"/AddSymbolToStockWatchList-ServiceOutputpipeOut\", \"/AddSymbolToStockWatchListMCPServerRequest/body/symbol pipeIn\", \"/AddSymbolToStockWatchList-ServiceInput/symbol actionIn\", \"/AddSymbolToStockWatchList-ServiceOutput/toolResponseType\", \"/toolResponseTypepipeOut\", \"/AddSymbolToStockWatchList-ServiceOutput/toolResponseText\", \"/AddSymbolToStockWatchListMCPServerResponse/TextContent/result/content[]/textpipeOut\", \"/GetToolHeaderAppIdOutput/appId pipeIn\", \"/AddSymbolToStockWatchList-ServiceInput/appId actionIn\"]}",
    "null" : false
  },
  "output_structure_json" : {
    "type" : "jsonb",
    "value" : "{\"maps\": [{\"/AddSymbolToStockWatchList-ServiceOutput\": [{\"type\": \"map\", \"source\": {\"path\": \"/AddSymbolToStockWatchList-ServiceOutput\", \"title\": \"AddSymbolToStockWatchList-ServiceOutput\", \"dataElementType\": \"document\"}, \"target\": {\"path\": \"/AddSymbolToStockWatchList-ServiceOutput\", \"order\": 1, \"title\": \"AddSymbolToStockWatchList-ServiceOutput\", \"dataElementType\": \"document\"}, \"mapCondition\": {\"isConditionSet\": false, \"sourceTreeIndex\": [], \"targetTreeIndex\": [], \"mapConditionFormValue\": {}}}]}, {\"/toolResponseType\": [{\"type\": \"map\", \"source\": {\"path\": \"/AddSymbolToStockWatchList-ServiceOutput/toolResponseType\", \"title\": \"toolResponseType\", \"dataElementType\": \"string\"}, \"target\": {\"path\": \"/toolResponseType\", \"order\": 1, \"title\": \"toolResponseType\", \"dataElementType\": \"string\"}, \"mapCondition\": {\"isConditionSet\": false, \"sourceTreeIndex\": [], \"targetTreeIndex\": [], \"mapConditionFormValue\": {}}}]}, {\"/AddSymbolToStockWatchListMCPServerResponse/TextContent/result/content[]/text\": [{\"type\": \"list\", \"source\": {\"path\": \"/AddSymbolToStockWatchList-ServiceOutput/toolResponseText\", \"title\": \"toolResponseText\", \"dataElementType\": \"string\"}, \"target\": {\"path\": \"/AddSymbolToStockWatchListMCPServerResponse/TextContent/result/content[]/text\", \"order\": 5, \"title\": \"text\", \"dataElementType\": \"string\"}, \"mapCondition\": {\"isConditionSet\": false, \"sourceTreeIndex\": [{\"key\": 1, \"title\": \"AddSymbolToStockWatchList-ServiceOutput\", \"isLeaf\": false, \"isArray\": false, \"children\": [{\"key\": 2, \"title\": \"toolResponseText\", \"isLeaf\": false, \"isArray\": false, \"parentKey\": 1}], \"parentKey\": 0}], \"targetTreeIndex\": [{\"key\": 1, \"title\": \"AddSymbolToStockWatchListMCPServerResponse\", \"isLeaf\": false, \"isArray\": false, \"children\": [{\"key\": 2, \"title\": \"TextContent\", \"isLeaf\": false, \"isArray\": false, \"children\": [{\"key\": 3, \"title\": \"result\", \"isLeaf\": false, \"isArray\": false, \"children\": [{\"key\": 4, \"title\": \"content\", \"isLeaf\": false, \"isArray\": true, \"children\": [{\"key\": 5, \"title\": \"text\", \"isLeaf\": false, \"isArray\": false, \"parentKey\": 4}], \"parentKey\": 3, \"arrayIndex\": null}], \"parentKey\": 2}], \"parentKey\": 1}], \"parentKey\": 0}], \"mapConditionFormValue\": {}}}]}], \"tracks\": {}, \"transformer\": []}",
    "null" : false
  },
  "endpoint_structure_json" : {
    "type" : "jsonb",
    "value" : "{\"maps\": []}",
    "null" : false
  },
  "is_error" : false,
  "no_of_errors" : 0,
  "action_input_type" : null,
  "config_service_id" : "1ab0e601-aa14-4c2d-b545-89b4fac31b9c",
  "config_imap_id" : null,
  "config_b2b_document_type_id" : null,
  "config_document_id" : null,
  "add_variables" : {
    "type" : "jsonb",
    "value" : "[]",
    "null" : false
  },
  "drop_variables" : {
    "type" : "jsonb",
    "value" : "[]",
    "null" : false
  },
  "plug_input_structure" : null,
  "plug_output_structure" : null,
  "config_plug_id" : null,
  "override_plug" : false,
  "config_java_service_id" : null,
  "service_tag" : "V5",
  "endpoint_tag" : null,
  "config_service_tag" : "EMPTY",
  "config_imap_tag" : "",
  "config_b2b_document_type_tag" : "",
  "active" : false,
  "parent_component_config_service_tag" : "V5",
  "service_project_id" : "ff43f984-d7dc-4e43-9c26-837e5d52773f",
  "service_project_tag" : "V5",
  "config_service_project_id" : "ff43f984-d7dc-4e43-9c26-837e5d52773f",
  "config_service_project_tag" : "EMPTY",
  "config_imap_project_id" : null,
  "config_imap_project_tag" : "",
  "config_b2b_document_type_project_id" : null,
  "config_b2b_document_type_project_tag" : "",
  "endpoint_project_id" : null,
  "endpoint_project_tag" : null,
  "config_plug_tag" : null,
  "config_plug_project_id" : null,
  "config_plug_project_tag" : null,
  "config_java_service_tag" : "",
  "config_java_service_project_id" : null,
  "config_java_service_project_tag" : "",
  "disabled" : false,
  "config" : {
    "type" : "json",
    "value" : "{\"serviceProjectName\":\"FusionStockWatchListMCP\"}",
    "null" : false
  },
  "config_b2b_document_type_project_mode_id" : "112c1cb8-4b9e-4d1a-a042-0bd031dc7d05",
  "config_imap_project_mode_id" : "112c1cb8-4b9e-4d1a-a042-0bd031dc7d05",
  "config_java_service_project_mode_id" : "112c1cb8-4b9e-4d1a-a042-0bd031dc7d05",
  "config_plug_project_mode_id" : "112c1cb8-4b9e-4d1a-a042-0bd031dc7d05",
  "config_service_project_mode_id" : "112c1cb8-4b9e-4d1a-a042-0bd031dc7d05",
  "endpoint_project_mode_id" : "112c1cb8-4b9e-4d1a-a042-0bd031dc7d05",
  "service_project_mode_id" : "112c1cb8-4b9e-4d1a-a042-0bd031dc7d05",
  "parent_component_config_service_project_mode_id" : "112c1cb8-4b9e-4d1a-a042-0bd031dc7d05",
  "is_audit" : true,
  "keys_with_order" : null
}