{
  "document_type_id" : "50143e98-e1de-42da-aee8-51b2aee4e1c5",
  "name" : "toolHeaders",
  "description" : null,
  "version" : null,
  "business_document_type_id" : null,
  "document_format_id" : "edc154a0-55fc-11e9-8647-d663bd873d93",
  "root_tag" : null,
  "structure" : {
    "type" : "jsonb",
    "value" : "[{\"key\": \"/headers\", \"type\": \"object\", \"order\": 1.0, \"title\": \"headers\", \"value\": {\"type\": \"object\", \"requiredFlag\": false}, \"isLeaf\": false, \"children\": [{\"key\": \"/headers/X-envoy-external-address\", \"type\": \"string\", \"order\": 2.0, \"title\": \"X-envoy-external-address\", \"value\": {\"type\": \"string\", \"requiredFlag\": false}, \"isLeaf\": true, \"childrenSet\": false, \"hasChildren\": false, \"dataElementType\": \"string\", \"encryption_required\": false}, {\"key\": \"/headers/Accept-encoding\", \"type\": \"string\", \"order\": 3.0, \"title\": \"Accept-encoding\", \"value\": {\"type\": \"string\", \"requiredFlag\": false}, \"isLeaf\": true, \"childrenSet\": false, \"hasChildren\": false, \"dataElementType\": \"string\", \"encryption_required\": false}, {\"key\": \"/headers/Accept\", \"type\": \"string\", \"order\": 4.0, \"title\": \"Accept\", \"value\": {\"type\": \"string\", \"requiredFlag\": false}, \"isLeaf\": true, \"childrenSet\": false, \"hasChildren\": false, \"dataElementType\": \"string\", \"encryption_required\": false}, {\"key\": \"/headers/Sec-fetch-mode\", \"type\": \"string\", \"order\": 5.0, \"title\": \"Sec-fetch-mode\", \"value\": {\"type\": \"string\", \"requiredFlag\": false}, \"isLeaf\": true, \"childrenSet\": false, \"hasChildren\": false, \"dataElementType\": \"string\", \"encryption_required\": false}, {\"key\": \"/headers/User-agent\", \"type\": \"string\", \"order\": 6.0, \"title\": \"User-agent\", \"value\": {\"type\": \"string\", \"requiredFlag\": false}, \"isLeaf\": true, \"childrenSet\": false, \"hasChildren\": false, \"dataElementType\": \"string\", \"encryption_required\": false}, {\"key\": \"/headers/X-axway-integrationid\", \"type\": \"string\", \"order\": 7.0, \"title\": \"X-axway-integrationid\", \"value\": {\"type\": \"string\", \"requiredFlag\": false}, \"isLeaf\": true, \"childrenSet\": false, \"hasChildren\": false, \"dataElementType\": \"string\", \"encryption_required\": false}, {\"key\": \"/headers/Accept-language\", \"type\": \"string\", \"order\": 8.0, \"title\": \"Accept-language\", \"value\": {\"type\": \"string\", \"requiredFlag\": false}, \"isLeaf\": true, \"childrenSet\": false, \"hasChildren\": false, \"dataElementType\": \"string\", \"encryption_required\": false}, {\"key\": \"/headers/Content-type\", \"type\": \"string\", \"order\": 9.0, \"title\": \"Content-type\", \"value\": {\"type\": \"string\", \"requiredFlag\": false}, \"isLeaf\": true, \"childrenSet\": false, \"hasChildren\": false, \"dataElementType\": \"string\", \"encryption_required\": false}, {\"key\": \"/headers/:method\", \"type\": \"string\", \"order\": 10.0, \"title\": \":method\", \"value\": {\"type\": \"string\", \"requiredFlag\": false}, \"isLeaf\": true, \"childrenSet\": false, \"hasChildren\": false, \"dataElementType\": \"string\", \"encryption_required\": false}, {\"key\": \"/headers/:scheme\", \"type\": \"string\", \"order\": 11.0, \"title\": \":scheme\", \"value\": {\"type\": \"string\", \"requiredFlag\": false}, \"isLeaf\": true, \"childrenSet\": false, \"hasChildren\": false, \"dataElementType\": \"string\", \"encryption_required\": false}, {\"key\": \"/headers/X-request-id\", \"type\": \"string\", \"order\": 12.0, \"title\": \"X-request-id\", \"value\": {\"type\": \"string\", \"requiredFlag\": false}, \"isLeaf\": true, \"childrenSet\": false, \"hasChildren\": false, \"dataElementType\": \"string\", \"encryption_required\": false}, {\"key\": \"/headers/X-forwarded-for\", \"type\": \"string\", \"order\": 13.0, \"title\": \"X-forwarded-for\", \"value\": {\"type\": \"string\", \"requiredFlag\": false}, \"isLeaf\": true, \"childrenSet\": false, \"hasChildren\": false, \"dataElementType\": \"string\", \"encryption_required\": false}, {\"key\": \"/headers/X-forwarded-proto\", \"type\": \"string\", \"order\": 14.0, \"title\": \"X-forwarded-proto\", \"value\": {\"type\": \"string\", \"requiredFlag\": false}, \"isLeaf\": true, \"childrenSet\": false, \"hasChildren\": false, \"dataElementType\": \"string\", \"encryption_required\": false}, {\"key\": \"/headers/:path\", \"type\": \"string\", \"order\": 15.0, \"title\": \":path\", \"value\": {\"type\": \"string\", \"requiredFlag\": false}, \"isLeaf\": true, \"childrenSet\": false, \"hasChildren\": false, \"dataElementType\": \"string\", \"encryption_required\": false}, {\"key\": \"/headers/Content-length\", \"type\": \"string\", \"order\": 16.0, \"title\": \"Content-length\", \"value\": {\"type\": \"string\", \"requiredFlag\": false}, \"isLeaf\": true, \"childrenSet\": false, \"hasChildren\": false, \"dataElementType\": \"string\", \"encryption_required\": false}, {\"key\": \"/headers/X-axway-applicationid\", \"type\": \"string\", \"order\": 17.0, \"title\": \"X-axway-applicationid\", \"value\": {\"type\": \"string\", \"requiredFlag\": false}, \"isLeaf\": true, \"childrenSet\": false, \"hasChildren\": false, \"dataElementType\": \"string\", \"encryption_required\": false}, {\"key\": \"/headers/:authority\", \"type\": \"string\", \"order\": 18.0, \"title\": \":authority\", \"value\": {\"type\": \"string\", \"requiredFlag\": false}, \"isLeaf\": true, \"childrenSet\": false, \"hasChildren\": false, \"dataElementType\": \"string\", \"encryption_required\": false}, {\"key\": \"/headers/X-Request-Body-Hash\", \"type\": \"string\", \"order\": 19.0, \"title\": \"X-Request-Body-Hash\", \"value\": {\"type\": \"string\", \"requiredFlag\": false}, \"isLeaf\": true, \"childrenSet\": false, \"hasChildren\": false, \"dataElementType\": \"string\", \"encryption_required\": false}], \"childrenSet\": false, \"hasChildren\": false, \"dataElementType\": \"document\", \"encryption_required\": false}]",
    "null" : false
  },
  "key_fields" : null,
  "schema" : {
    "type" : "json",
    "value" : "{\"$id\":\"toolHeaders\",\"$schema\":\"http://json-schema.org/draft-07/schema#\",\"type\":\"object\",\"properties\":{\"headers\":{\"type\":\"object\",\"title\":\"headers\",\"properties\":{\"X-envoy-external-address\":{\"type\":\"string\",\"title\":\"X-envoy-external-address\",\"default\":\"\",\"examples\":[\"165.1.206.0\"],\"properties\":{},\"pattern\":\"^(.*)$\"},\"Accept-encoding\":{\"type\":\"string\",\"title\":\"Accept-encoding\",\"default\":\"\",\"examples\":[\"br, gzip, deflate\"],\"properties\":{},\"pattern\":\"^(.*)$\"},\"Accept\":{\"type\":\"string\",\"title\":\"Accept\",\"default\":\"\",\"examples\":[\"application/json, text/event-stream\"],\"properties\":{},\"pattern\":\"^(.*)$\"},\"Sec-fetch-mode\":{\"type\":\"string\",\"title\":\"Sec-fetch-mode\",\"default\":\"\",\"examples\":[\"cors\"],\"properties\":{},\"pattern\":\"^(.*)$\"},\"User-agent\":{\"type\":\"string\",\"title\":\"User-agent\",\"default\":\"\",\"examples\":[\"node\"],\"properties\":{},\"pattern\":\"^(.*)$\"},\"X-axway-integrationid\":{\"type\":\"string\",\"title\":\"X-axway-integrationid\",\"default\":\"\",\"examples\":[\"e12639c5-bc55-44f4-8fdc-406d1f0f1754\"],\"properties\":{},\"pattern\":\"^(.*)$\"},\"Accept-language\":{\"type\":\"string\",\"title\":\"Accept-language\",\"default\":\"\",\"examples\":[\"*\"],\"properties\":{},\"pattern\":\"^(.*)$\"},\"Content-type\":{\"type\":\"string\",\"title\":\"Content-type\",\"default\":\"\",\"examples\":[\"application/json\"],\"properties\":{},\"pattern\":\"^(.*)$\"},\":method\":{\"type\":\"string\",\"title\":\":method\",\"default\":\"\",\"examples\":[\"POST\"],\"properties\":{},\"pattern\":\"^(.*)$\"},\":scheme\":{\"type\":\"string\",\"title\":\":scheme\",\"default\":\"\",\"examples\":[\"https\"],\"properties\":{},\"pattern\":\"^(.*)$\"},\"X-request-id\":{\"type\":\"string\",\"title\":\"X-request-id\",\"default\":\"\",\"examples\":[\"7ddc2e4e-d160-91f5-b87b-14bdb20101b8\"],\"properties\":{},\"pattern\":\"^(.*)$\"},\"X-forwarded-for\":{\"type\":\"string\",\"title\":\"X-forwarded-for\",\"default\":\"\",\"examples\":[\"165.1.206.0\"],\"properties\":{},\"pattern\":\"^(.*)$\"},\"X-forwarded-proto\":{\"type\":\"string\",\"title\":\"X-forwarded-proto\",\"default\":\"\",\"examples\":[\"https\"],\"properties\":{},\"pattern\":\"^(.*)$\"},\":path\":{\"type\":\"string\",\"title\":\":path\",\"default\":\"\",\"examples\":[\"/FusionStockWatchListMCP\"],\"properties\":{},\"pattern\":\"^(.*)$\"},\"Content-length\":{\"type\":\"string\",\"title\":\"Content-length\",\"default\":\"\",\"examples\":[\"100\"],\"properties\":{},\"pattern\":\"^(.*)$\"},\"X-axway-applicationid\":{\"type\":\"string\",\"title\":\"X-axway-applicationid\",\"default\":\"\",\"examples\":[\"9ac7295e-f1ac-4352-a670-1ce37a09a2c8\"],\"properties\":{},\"pattern\":\"^(.*)$\"},\":authority\":{\"type\":\"string\",\"title\":\":authority\",\"default\":\"\",\"examples\":[\"axway-appc-se-design.sandbox.fusion.services.axway.com\"],\"properties\":{},\"pattern\":\"^(.*)$\"},\"X-Request-Body-Hash\":{\"type\":\"string\",\"title\":\"X-Request-Body-Hash\",\"default\":\"\",\"examples\":[\"44136fa355b3678a1146ad16f7e8649e94fb4fc21fe77e8310c060f61caaff8a\"],\"properties\":{},\"pattern\":\"^(.*)$\"}}}}}",
    "null" : false
  },
  "source_schema" : "{\n    \"headers\": {\n        \"X-envoy-external-address\": \"165.1.206.0\",\n        \"Accept-encoding\": \"br, gzip, deflate\",\n        \"Accept\": \"application/json, text/event-stream\",\n        \"Sec-fetch-mode\": \"cors\",\n        \"User-agent\": \"node\",\n        \"X-axway-integrationid\": \"e12639c5-bc55-44f4-8fdc-406d1f0f1754\",\n        \"Accept-language\": \"*\",\n        \"Content-type\": \"application/json\",\n        \":method\": \"POST\",\n        \":scheme\": \"https\",\n        \"X-request-id\": \"7ddc2e4e-d160-91f5-b87b-14bdb20101b8\",\n        \"X-forwarded-for\": \"165.1.206.0\",\n        \"X-forwarded-proto\": \"https\",\n        \":path\": \"/FusionStockWatchListMCP\",\n        \"Content-length\": \"100\",\n        \"X-axway-applicationid\": \"9ac7295e-f1ac-4352-a670-1ce37a09a2c8\",\n        \":authority\": \"axway-appc-se-design.sandbox.fusion.services.axway.com\",\n        \"X-Request-Body-Hash\": \"44136fa355b3678a1146ad16f7e8649e94fb4fc21fe77e8310c060f61caaff8a\"\n    }\n}",
  "type" : "custom",
  "doc_type" : null,
  "source_type" : "jsonsample",
  "ignore_missing_schemas" : false,
  "has_ref_schemas" : null,
  "flat_file_config" : null,
  "active" : false,
  "is_changed" : true,
  "tag" : "V4",
  "comment" : "Added appid header retrieval and using this for the userid of my stock symbol table. This enabled the MCP Server to support multiple users. I just create a different Fusion App with ID for each user and give the user their ID",
  "base_tag" : "V3"
}