{
  "id" : "57cc7a15-b54e-4e3c-bb60-3e2a0a725166",
  "name" : "GetStockWatchListSymbols-Service",
  "description" : null,
  "iserror" : false,
  "no_of_errors" : 0,
  "service_input" : {
    "type" : "jsonb",
    "value" : "[{\"id\": \"d9ad795e-303e-4e31-9340-1d93ac5c6624\", \"key\": \"/GetStockWatchListSymbols-ServiceInput\", \"type\": \"object\", \"order\": 1, \"title\": \"GetStockWatchListSymbols-ServiceInput\", \"value\": {\"type\": \"object\"}, \"isLeaf\": false, \"children\": [{\"id\": \"06fd3afe-5a07-45db-8b1d-b541884e6b29\", \"key\": \"/GetStockWatchListSymbols-ServiceInput/appId\", \"edit\": false, \"type\": \"node\", \"order\": 1, \"title\": \"appId\", \"value\": {\"type\": \"string\"}, \"children\": [], \"editAllow\": true, \"dataElementType\": \"string\"}], \"childrenSet\": false, \"hasChildren\": false, \"dataElementType\": \"document\", \"documentReference\": [], \"encryption_required\": false}]",
    "null" : false
  },
  "service_output" : {
    "type" : "jsonb",
    "value" : "[{\"id\": \"4294cc6b-ba37-4938-a25f-5b09221deef6\", \"key\": \"/GetStockWatchListSymbols-ServiceOutput\", \"type\": \"object\", \"order\": 1, \"title\": \"GetStockWatchListSymbols-ServiceOutput\", \"value\": {\"type\": \"object\"}, \"isLeaf\": false, \"children\": [{\"id\": \"171b91b3-cd3a-4321-9e9f-24438193e94c\", \"key\": \"/GetStockWatchListSymbols-ServiceOutput/toolResponseType\", \"edit\": false, \"type\": \"node\", \"order\": 1, \"title\": \"toolResponseType\", \"value\": {\"type\": \"string\"}, \"children\": [], \"editAllow\": true, \"dataElementType\": \"string\"}, {\"id\": \"b2801eab-f4d1-4006-ae35-fde4f632c3be\", \"key\": \"/GetStockWatchListSymbols-ServiceOutput/toolResponseText\", \"edit\": false, \"type\": \"node\", \"order\": 1, \"title\": \"toolResponseText\", \"value\": {\"type\": \"string\"}, \"children\": [], \"editAllow\": true, \"dataElementType\": \"string\"}], \"childrenSet\": false, \"hasChildren\": false, \"dataElementType\": \"document\", \"documentReference\": [], \"encryption_required\": false}]",
    "null" : false
  },
  "service_input_json_schema" : {
    "type" : "jsonb",
    "value" : "{\"required\": [], \"properties\": {\"GetStockWatchListSymbols-ServiceInput\": {\"type\": \"object\", \"required\": [], \"properties\": {\"appId\": {\"type\": \"string\"}}, \"additionalProperties\": false}}, \"additionalProperties\": false}",
    "null" : false
  },
  "service_output_json_schema" : {
    "type" : "jsonb",
    "value" : "{\"required\": [], \"properties\": {\"GetStockWatchListSymbols-ServiceOutput\": {\"type\": \"object\", \"required\": [], \"properties\": {\"toolResponseText\": {\"type\": \"string\"}, \"toolResponseType\": {\"type\": \"string\"}}, \"additionalProperties\": false}}, \"additionalProperties\": false}",
    "null" : false
  },
  "type" : "SERVICE",
  "error_handler" : false,
  "tag" : "V5",
  "active" : false,
  "is_changed" : false,
  "comment" : "Fixed get watch list tool error when no symbols found",
  "base_tag" : "V4",
  "test_input" : {
    "type" : "jsonb",
    "value" : "{}",
    "null" : false
  },
  "test_input_structure" : {
    "type" : "jsonb",
    "value" : "[{\"id\": \"d9ad795e-303e-4e31-9340-1d93ac5c6624\", \"key\": \"/GetStockWatchListSymbols-ServiceInput\", \"type\": \"object\", \"order\": 1, \"title\": \"GetStockWatchListSymbols-ServiceInput\", \"value\": {\"type\": \"object\"}, \"isLeaf\": false, \"children\": [{\"id\": \"06fd3afe-5a07-45db-8b1d-b541884e6b29\", \"key\": \"/GetStockWatchListSymbols-ServiceInput/appId\", \"edit\": false, \"type\": \"node\", \"order\": 1, \"title\": \"appId\", \"value\": {\"type\": \"string\"}, \"children\": [], \"editAllow\": true, \"dataElementType\": \"string\"}], \"childrenSet\": false, \"hasChildren\": false, \"dataElementType\": \"document\", \"documentReference\": [], \"encryption_required\": false}]",
    "null" : false
  }
}