{
  "id" : "d47cf659-125f-4733-b2b7-e8a12ce25086",
  "name" : "GetStockWatchListSymbols",
  "description" : null,
  "iserror" : false,
  "no_of_errors" : 0,
  "service_input" : null,
  "service_output" : null,
  "service_input_json_schema" : null,
  "service_output_json_schema" : null,
  "type" : "EVENTDRIVEN",
  "error_handler" : false,
  "tag" : "V5",
  "active" : false,
  "is_changed" : true,
  "comment" : "Fixed get watch list tool error when no symbols found",
  "base_tag" : "V4",
  "test_input" : {
    "type" : "jsonb",
    "value" : "[]",
    "null" : false
  },
  "test_input_structure" : {
    "type" : "jsonb",
    "value" : "[]",
    "null" : false
  }
}