{
  "component_config_id" : "1861d0cd-e135-45fe-a1af-6cb356fec9de",
  "endpoint_config_json" : {
    "type" : "jsonb",
    "value" : "{\"crossRef\": [], \"services\": [], \"multistep\": [], \"operations\": []}",
    "null" : false
  },
  "input_config_json" : {
    "type" : "jsonb",
    "value" : "{\"crossRef\": [], \"services\": [], \"multistep\": [], \"operations\": [{\"map\": {\"id\": \"0f34cfb7-b7c8-4313-924e-84579334d459\", \"root\": false, \"type\": \"map\", \"cached\": false, \"source\": \"/symbolAllCaps\", \"target\": \"/PostgresWatchlistQueryBySymbolInput/where/where_watchlist_symbol\", \"mapNull\": false, \"disabled\": false, \"extractXml\": false, \"extractJson\": false, \"targetOrder\": 3.0, \"mapEmptyString\": false, \"sourceJavaType\": \"java.lang.String\", \"targetJavaType\": \"java.lang.String\"}}, {\"map\": {\"id\": \"b49abc5a-e75d-4f6a-bbfc-51cb1efbd80e\", \"root\": false, \"type\": \"map\", \"cached\": false, \"source\": \"/AddSymbolToStockWatchList-ServiceInput/appId\", \"target\": \"/PostgresWatchlistQueryBySymbolInput/where/where_watchlist_userid\", \"mapNull\": false, \"disabled\": false, \"extractXml\": false, \"extractJson\": false, \"targetOrder\": 4.0, \"mapEmptyString\": false, \"sourceJavaType\": \"java.lang.String\", \"targetJavaType\": \"java.lang.String\"}}]}",
    "null" : false
  },
  "output_config_json" : {
    "type" : "jsonb",
    "value" : "{\"crossRef\": [], \"services\": [], \"multistep\": [], \"operations\": [{\"map\": {\"id\": \"b40a6c7b-073f-4d32-b822-8eb581813f16\", \"root\": true, \"type\": \"map\", \"cached\": false, \"source\": \"/PostgresWatchlistQueryBySymbolOutput\", \"target\": \"/PostgresWatchlistQueryBySymbolOutput\", \"mapNull\": false, \"disabled\": false, \"extractXml\": false, \"extractJson\": false, \"targetOrder\": 1.0, \"mapEmptyString\": false}}]}",
    "null" : false
  },
  "component_id" : "dc16ccf6-67f4-4135-95ca-42e055af53c4",
  "service_id" : "1ab0e601-aa14-4c2d-b545-89b4fac31b9c",
  "endpoint_id" : "994a114d-5467-4491-8567-41b783a61f27",
  "parent_component_config_id" : "5ee2f9ab-d62f-4d23-b416-04a3ca1b02bc",
  "component_config_order" : 1.0,
  "action_id" : "0a8b5a47-8cb0-4eb5-8b73-7e811ba14a57",
  "name" : "Check if symbol exists",
  "description" : "",
  "override_endpoint" : false,
  "input_structure_json" : {
    "type" : "jsonb",
    "value" : "{\"maps\": [{\"/PostgresWatchlistQueryBySymbolInput/where/where_watchlist_symbol\": [{\"type\": \"map\", \"source\": {\"path\": \"/symbolAllCaps\", \"title\": \"symbolAllCaps\", \"dataElementType\": \"string\"}, \"target\": {\"path\": \"/PostgresWatchlistQueryBySymbolInput/where/where_watchlist_symbol\", \"order\": 3, \"title\": \"watchlist_symbol\", \"dataElementType\": \"string\"}, \"mapCondition\": {\"isConditionSet\": false, \"sourceTreeIndex\": [], \"targetTreeIndex\": [], \"mapConditionFormValue\": {}}}]}, {\"/PostgresWatchlistQueryBySymbolInput/where/where_watchlist_userid\": [{\"type\": \"map\", \"source\": {\"path\": \"/AddSymbolToStockWatchList-ServiceInput/appId\", \"title\": \"appId\", \"dataElementType\": \"string\"}, \"target\": {\"path\": \"/PostgresWatchlistQueryBySymbolInput/where/where_watchlist_userid\", \"order\": 4, \"title\": \"watchlist_userid\", \"dataElementType\": \"string\"}, \"mapCondition\": {\"isConditionSet\": false, \"sourceTreeIndex\": [], \"targetTreeIndex\": [], \"mapConditionFormValue\": {}}}]}], \"mappedNodes\": [\"/PostgresWatchlistQueryBySymbolOutputactionOut\", \"/PostgresWatchlistQueryBySymbolOutputpipeOut\", \"/symbolAllCaps pipeIn\", \"/PostgresWatchlistQueryBySymbolInput/where/where_watchlist_symbol actionIn\", \"/AddSymbolToStockWatchList-ServiceInput/appId pipeIn\", \"/PostgresWatchlistQueryBySymbolInput/where/where_watchlist_userid actionIn\"]}",
    "null" : false
  },
  "output_structure_json" : {
    "type" : "jsonb",
    "value" : "{\"maps\": [{\"/PostgresWatchlistQueryBySymbolOutput\": [{\"type\": \"map\", \"source\": {\"path\": \"/PostgresWatchlistQueryBySymbolOutput\", \"title\": \"PostgresWatchlistQueryBySymbolOutput\", \"dataElementType\": \"document\"}, \"target\": {\"path\": \"/PostgresWatchlistQueryBySymbolOutput\", \"order\": 1, \"title\": \"PostgresWatchlistQueryBySymbolOutput\", \"dataElementType\": \"document\"}, \"mapCondition\": {\"isConditionSet\": false, \"sourceTreeIndex\": [], \"targetTreeIndex\": [], \"mapConditionFormValue\": {}}}]}], \"tracks\": {}, \"transformer\": []}",
    "null" : false
  },
  "endpoint_structure_json" : {
    "type" : "jsonb",
    "value" : "{\"maps\": []}",
    "null" : false
  },
  "is_error" : false,
  "no_of_errors" : 0,
  "action_input_type" : null,
  "config_service_id" : null,
  "config_imap_id" : null,
  "config_b2b_document_type_id" : null,
  "config_document_id" : null,
  "add_variables" : {
    "type" : "jsonb",
    "value" : "[]",
    "null" : false
  },
  "drop_variables" : {
    "type" : "jsonb",
    "value" : "[]",
    "null" : false
  },
  "plug_input_structure" : null,
  "plug_output_structure" : null,
  "config_plug_id" : "439e2eb8-9ffb-47ef-bce9-bed1f41c1e40",
  "override_plug" : false,
  "config_java_service_id" : null,
  "service_tag" : "V4",
  "endpoint_tag" : null,
  "config_service_tag" : "",
  "config_imap_tag" : "",
  "config_b2b_document_type_tag" : "",
  "active" : false,
  "parent_component_config_service_tag" : "V4",
  "service_project_id" : "ff43f984-d7dc-4e43-9c26-837e5d52773f",
  "service_project_tag" : "V4",
  "config_service_project_id" : null,
  "config_service_project_tag" : "",
  "config_imap_project_id" : null,
  "config_imap_project_tag" : "",
  "config_b2b_document_type_project_id" : null,
  "config_b2b_document_type_project_tag" : "",
  "endpoint_project_id" : "ff43f984-d7dc-4e43-9c26-837e5d52773f",
  "endpoint_project_tag" : null,
  "config_plug_tag" : "EMPTY",
  "config_plug_project_id" : "ff43f984-d7dc-4e43-9c26-837e5d52773f",
  "config_plug_project_tag" : "EMPTY",
  "config_java_service_tag" : "",
  "config_java_service_project_id" : null,
  "config_java_service_project_tag" : "",
  "disabled" : false,
  "config" : {
    "type" : "json",
    "value" : "{\"objectId\":null,\"version\":null,\"objectApiId\":null}",
    "null" : false
  },
  "config_b2b_document_type_project_mode_id" : "112c1cb8-4b9e-4d1a-a042-0bd031dc7d05",
  "config_imap_project_mode_id" : "112c1cb8-4b9e-4d1a-a042-0bd031dc7d05",
  "config_java_service_project_mode_id" : "112c1cb8-4b9e-4d1a-a042-0bd031dc7d05",
  "config_plug_project_mode_id" : "112c1cb8-4b9e-4d1a-a042-0bd031dc7d05",
  "config_service_project_mode_id" : "112c1cb8-4b9e-4d1a-a042-0bd031dc7d05",
  "endpoint_project_mode_id" : "112c1cb8-4b9e-4d1a-a042-0bd031dc7d05",
  "service_project_mode_id" : "112c1cb8-4b9e-4d1a-a042-0bd031dc7d05",
  "parent_component_config_service_project_mode_id" : "112c1cb8-4b9e-4d1a-a042-0bd031dc7d05",
  "is_audit" : true,
  "keys_with_order" : null
}