{
  "component_config_id" : "12913f38-0f7f-453d-9752-fb607f5739cb",
  "endpoint_config_json" : {
    "type" : "jsonb",
    "value" : "{\"crossRef\": [], \"services\": [], \"multistep\": [], \"operations\": []}",
    "null" : false
  },
  "input_config_json" : {
    "type" : "jsonb",
    "value" : "{\"crossRef\": [], \"services\": [], \"multistep\": [], \"operations\": [{\"map\": {\"id\": \"10f443af-b05c-4d49-826c-c3522b3671b2\", \"root\": false, \"type\": \"map\", \"cached\": false, \"source\": \"/GetWatchListSymbolsInput/appId\", \"target\": \"/PostgresWatchlistSelectAllInput/where/where_watchlist_userid\", \"mapNull\": false, \"disabled\": false, \"extractXml\": false, \"extractJson\": false, \"targetOrder\": 3.0, \"mapEmptyString\": false, \"sourceJavaType\": \"java.lang.String\", \"targetJavaType\": \"java.lang.String\"}}]}",
    "null" : false
  },
  "output_config_json" : {
    "type" : "jsonb",
    "value" : "{\"crossRef\": [], \"services\": [], \"multistep\": [], \"operations\": [{\"map\": {\"id\": \"09eb1b3b-9a79-4a35-929b-ef7770bb9d33\", \"root\": true, \"type\": \"map\", \"cached\": false, \"source\": \"/PostgresWatchlistSelectAllOutput\", \"target\": \"/PostgresWatchlistSelectAllOutput\", \"mapNull\": false, \"disabled\": false, \"extractXml\": false, \"extractJson\": false, \"targetOrder\": 1.0, \"mapEmptyString\": false}}]}",
    "null" : false
  },
  "component_id" : "dc16ccf6-67f4-4135-95ca-42e055af53c4",
  "service_id" : "30c179c7-e045-49f7-b411-85b268f8ce77",
  "endpoint_id" : "994a114d-5467-4491-8567-41b783a61f27",
  "parent_component_config_id" : "5a523fa0-ca50-4b14-bcc6-97cbdae9752d",
  "component_config_order" : 1.0,
  "action_id" : "0a8b5a47-8cb0-4eb5-8b73-7e811ba14a57",
  "name" : "Get watchlist symbols",
  "description" : "",
  "override_endpoint" : false,
  "input_structure_json" : {
    "type" : "jsonb",
    "value" : "{\"maps\": [{\"/PostgresWatchlistSelectAllInput/where/where_watchlist_userid\": [{\"type\": \"map\", \"source\": {\"path\": \"/GetWatchListSymbolsInput/appId\", \"title\": \"appId\", \"dataElementType\": \"string\"}, \"target\": {\"path\": \"/PostgresWatchlistSelectAllInput/where/where_watchlist_userid\", \"order\": 3, \"title\": \"watchlist_userid\", \"dataElementType\": \"string\"}, \"mapCondition\": {\"isConditionSet\": false, \"sourceTreeIndex\": [], \"targetTreeIndex\": [], \"mapConditionFormValue\": {}}}]}], \"mappedNodes\": [\"/PostgresWatchlistSelectAllOutputactionOut\", \"/PostgresWatchlistSelectAllOutputpipeOut\", \"/GetWatchListSymbolsInput/appId pipeIn\", \"/PostgresWatchlistSelectAllInput/where/where_watchlist_userid actionIn\"]}",
    "null" : false
  },
  "output_structure_json" : {
    "type" : "jsonb",
    "value" : "{\"maps\": [{\"/PostgresWatchlistSelectAllOutput\": [{\"type\": \"map\", \"source\": {\"path\": \"/PostgresWatchlistSelectAllOutput\", \"title\": \"PostgresWatchlistSelectAllOutput\", \"dataElementType\": \"document\"}, \"target\": {\"path\": \"/PostgresWatchlistSelectAllOutput\", \"order\": 1, \"title\": \"PostgresWatchlistSelectAllOutput\", \"dataElementType\": \"document\"}, \"mapCondition\": {\"isConditionSet\": false, \"sourceTreeIndex\": [], \"targetTreeIndex\": [], \"mapConditionFormValue\": {}}}]}], \"tracks\": {}, \"transformer\": []}",
    "null" : false
  },
  "endpoint_structure_json" : {
    "type" : "jsonb",
    "value" : "{\"maps\": []}",
    "null" : false
  },
  "is_error" : false,
  "no_of_errors" : 0,
  "action_input_type" : null,
  "config_service_id" : null,
  "config_imap_id" : null,
  "config_b2b_document_type_id" : null,
  "config_document_id" : null,
  "add_variables" : {
    "type" : "jsonb",
    "value" : "[]",
    "null" : false
  },
  "drop_variables" : {
    "type" : "jsonb",
    "value" : "[]",
    "null" : false
  },
  "plug_input_structure" : null,
  "plug_output_structure" : null,
  "config_plug_id" : "f300f6f2-9f5c-4740-b791-7bb2a82acfb6",
  "override_plug" : false,
  "config_java_service_id" : null,
  "service_tag" : "V4",
  "endpoint_tag" : null,
  "config_service_tag" : "",
  "config_imap_tag" : "",
  "config_b2b_document_type_tag" : "",
  "active" : false,
  "parent_component_config_service_tag" : "V4",
  "service_project_id" : "ff43f984-d7dc-4e43-9c26-837e5d52773f",
  "service_project_tag" : "V4",
  "config_service_project_id" : null,
  "config_service_project_tag" : "",
  "config_imap_project_id" : null,
  "config_imap_project_tag" : "",
  "config_b2b_document_type_project_id" : null,
  "config_b2b_document_type_project_tag" : "",
  "endpoint_project_id" : "ff43f984-d7dc-4e43-9c26-837e5d52773f",
  "endpoint_project_tag" : null,
  "config_plug_tag" : "EMPTY",
  "config_plug_project_id" : "ff43f984-d7dc-4e43-9c26-837e5d52773f",
  "config_plug_project_tag" : "EMPTY",
  "config_java_service_tag" : "",
  "config_java_service_project_id" : null,
  "config_java_service_project_tag" : "",
  "disabled" : false,
  "config" : {
    "type" : "json",
    "value" : "{\"objectId\":null,\"version\":null,\"objectApiId\":null}",
    "null" : false
  },
  "config_b2b_document_type_project_mode_id" : "112c1cb8-4b9e-4d1a-a042-0bd031dc7d05",
  "config_imap_project_mode_id" : "112c1cb8-4b9e-4d1a-a042-0bd031dc7d05",
  "config_java_service_project_mode_id" : "112c1cb8-4b9e-4d1a-a042-0bd031dc7d05",
  "config_plug_project_mode_id" : "112c1cb8-4b9e-4d1a-a042-0bd031dc7d05",
  "config_service_project_mode_id" : "112c1cb8-4b9e-4d1a-a042-0bd031dc7d05",
  "endpoint_project_mode_id" : "112c1cb8-4b9e-4d1a-a042-0bd031dc7d05",
  "service_project_mode_id" : "112c1cb8-4b9e-4d1a-a042-0bd031dc7d05",
  "parent_component_config_service_project_mode_id" : "112c1cb8-4b9e-4d1a-a042-0bd031dc7d05",
  "is_audit" : true,
  "keys_with_order" : null
}