{
  "component_config_id" : "14e3e0c0-1424-4f85-a1e0-4cea71be4da5",
  "endpoint_config_json" : {
    "type" : "jsonb",
    "value" : "{\"crossRef\": [], \"services\": [], \"multistep\": [], \"operations\": []}",
    "null" : false
  },
  "input_config_json" : {
    "type" : "jsonb",
    "value" : "{\"crossRef\": [], \"services\": [], \"multistep\": [], \"operations\": [{\"map\": {\"id\": \"afc0ed7a-1d4d-45d3-8ff6-98d23ebd556f\", \"root\": false, \"type\": \"map\", \"cached\": false, \"source\": \"/symbolAllCaps\", \"target\": \"/PostgresWatchlistInsertInput/insert[]/symbol\", \"mapNull\": false, \"disabled\": false, \"extractXml\": false, \"extractJson\": false, \"targetOrder\": 3.0, \"mapEmptyString\": false, \"sourceJavaType\": \"java.lang.String\", \"targetJavaType\": \"java.lang.String\"}}, {\"map\": {\"id\": \"dbc1c047-2c1f-45ef-8049-a3b7faf4b7a4\", \"root\": false, \"type\": \"map\", \"cached\": false, \"source\": \"/AddSymbolToStockWatchList-ServiceInput/appId\", \"target\": \"/PostgresWatchlistInsertInput/insert[]/userid\", \"mapNull\": false, \"disabled\": false, \"extractXml\": false, \"extractJson\": false, \"targetOrder\": 4.0, \"mapEmptyString\": false, \"sourceJavaType\": \"java.lang.String\", \"targetJavaType\": \"java.lang.String\"}}]}",
    "null" : false
  },
  "output_config_json" : {
    "type" : "jsonb",
    "value" : "{\"crossRef\": [], \"services\": [], \"multistep\": [], \"operations\": [{\"map\": {\"id\": \"6fa19a9d-ac56-4c44-aaaa-e45fd925f204\", \"root\": true, \"type\": \"map\", \"cached\": false, \"source\": \"/PostgresWatchlistInsertOutput\", \"target\": \"/PostgresWatchlistInsertOutput\", \"mapNull\": false, \"disabled\": false, \"extractXml\": false, \"extractJson\": false, \"targetOrder\": 1.0, \"mapEmptyString\": false}}]}",
    "null" : false
  },
  "component_id" : "dc16ccf6-67f4-4135-95ca-42e055af53c4",
  "service_id" : "1ab0e601-aa14-4c2d-b545-89b4fac31b9c",
  "endpoint_id" : "994a114d-5467-4491-8567-41b783a61f27",
  "parent_component_config_id" : "92886c7b-3258-4e62-8e05-f809bc170ba6",
  "component_config_order" : 1.0,
  "action_id" : "6cdeb30f-78b6-4b81-a7c0-661b2a023904",
  "name" : "Insert symbol into watchlist",
  "description" : "",
  "override_endpoint" : false,
  "input_structure_json" : {
    "type" : "jsonb",
    "value" : "{\"maps\": [{\"/PostgresWatchlistInsertInput/insert[]/symbol\": [{\"type\": \"list\", \"source\": {\"path\": \"/symbolAllCaps\", \"title\": \"symbolAllCaps\", \"dataElementType\": \"string\"}, \"target\": {\"path\": \"/PostgresWatchlistInsertInput/insert[]/symbol\", \"order\": 3, \"title\": \"symbol\", \"dataElementType\": \"string\"}, \"mapCondition\": {\"isConditionSet\": false, \"sourceTreeIndex\": [{\"key\": 1, \"title\": \"symbolAllCaps\", \"isLeaf\": false, \"isArray\": false, \"parentKey\": 0}], \"targetTreeIndex\": [{\"key\": 1, \"title\": \"PostgresWatchlistInsertInput\", \"isLeaf\": false, \"isArray\": false, \"children\": [{\"key\": 2, \"title\": \"insert\", \"isLeaf\": false, \"isArray\": true, \"children\": [{\"key\": 3, \"title\": \"symbol\", \"isLeaf\": false, \"isArray\": false, \"parentKey\": 2}], \"parentKey\": 1, \"arrayIndex\": null}], \"parentKey\": 0}], \"mapConditionFormValue\": {}}}]}, {\"/PostgresWatchlistInsertInput/insert[]/userid\": [{\"type\": \"list\", \"source\": {\"path\": \"/AddSymbolToStockWatchList-ServiceInput/appId\", \"title\": \"appId\", \"dataElementType\": \"string\"}, \"target\": {\"path\": \"/PostgresWatchlistInsertInput/insert[]/userid\", \"order\": 4, \"title\": \"userid\", \"dataElementType\": \"string\"}, \"mapCondition\": {\"isConditionSet\": false, \"sourceTreeIndex\": [{\"key\": 1, \"title\": \"AddSymbolToStockWatchList-ServiceInput\", \"isLeaf\": false, \"isArray\": false, \"children\": [{\"key\": 2, \"title\": \"appId\", \"isLeaf\": false, \"isArray\": false, \"parentKey\": 1}], \"parentKey\": 0}], \"targetTreeIndex\": [{\"key\": 1, \"title\": \"PostgresWatchlistInsertInput\", \"isLeaf\": false, \"isArray\": false, \"children\": [{\"key\": 2, \"title\": \"insert\", \"isLeaf\": false, \"isArray\": true, \"children\": [{\"key\": 3, \"title\": \"userid\", \"isLeaf\": false, \"isArray\": false, \"parentKey\": 2}], \"parentKey\": 1, \"arrayIndex\": null}], \"parentKey\": 0}], \"mapConditionFormValue\": {}}}]}], \"mappedNodes\": [\"/PostgresWatchlistInsertOutputactionOut\", \"/PostgresWatchlistInsertOutputpipeOut\", \"/symbolAllCaps pipeIn\", \"/PostgresWatchlistInsertInput/insert[]/symbol actionIn\", \"/AddSymbolToStockWatchList-ServiceInput/appId pipeIn\", \"/PostgresWatchlistInsertInput/insert[]/userid actionIn\"]}",
    "null" : false
  },
  "output_structure_json" : {
    "type" : "jsonb",
    "value" : "{\"maps\": [{\"/PostgresWatchlistInsertOutput\": [{\"type\": \"map\", \"source\": {\"path\": \"/PostgresWatchlistInsertOutput\", \"title\": \"PostgresWatchlistInsertOutput\", \"dataElementType\": \"document\"}, \"target\": {\"path\": \"/PostgresWatchlistInsertOutput\", \"order\": 1, \"title\": \"PostgresWatchlistInsertOutput\", \"dataElementType\": \"document\"}, \"mapCondition\": {\"isConditionSet\": false, \"sourceTreeIndex\": [], \"targetTreeIndex\": [], \"mapConditionFormValue\": {}}}]}], \"tracks\": {}, \"transformer\": []}",
    "null" : false
  },
  "endpoint_structure_json" : {
    "type" : "jsonb",
    "value" : "{\"maps\": []}",
    "null" : false
  },
  "is_error" : false,
  "no_of_errors" : 0,
  "action_input_type" : null,
  "config_service_id" : null,
  "config_imap_id" : null,
  "config_b2b_document_type_id" : null,
  "config_document_id" : null,
  "add_variables" : {
    "type" : "jsonb",
    "value" : "[]",
    "null" : false
  },
  "drop_variables" : {
    "type" : "jsonb",
    "value" : "[]",
    "null" : false
  },
  "plug_input_structure" : null,
  "plug_output_structure" : null,
  "config_plug_id" : "e97665c0-412d-4b43-a3ce-99eae8ab542a",
  "override_plug" : false,
  "config_java_service_id" : null,
  "service_tag" : "V4",
  "endpoint_tag" : null,
  "config_service_tag" : "",
  "config_imap_tag" : "",
  "config_b2b_document_type_tag" : "",
  "active" : false,
  "parent_component_config_service_tag" : "V4",
  "service_project_id" : "ff43f984-d7dc-4e43-9c26-837e5d52773f",
  "service_project_tag" : "V4",
  "config_service_project_id" : null,
  "config_service_project_tag" : "",
  "config_imap_project_id" : null,
  "config_imap_project_tag" : "",
  "config_b2b_document_type_project_id" : null,
  "config_b2b_document_type_project_tag" : "",
  "endpoint_project_id" : "ff43f984-d7dc-4e43-9c26-837e5d52773f",
  "endpoint_project_tag" : null,
  "config_plug_tag" : "EMPTY",
  "config_plug_project_id" : "ff43f984-d7dc-4e43-9c26-837e5d52773f",
  "config_plug_project_tag" : "EMPTY",
  "config_java_service_tag" : "",
  "config_java_service_project_id" : null,
  "config_java_service_project_tag" : "",
  "disabled" : false,
  "config" : {
    "type" : "json",
    "value" : "{\"objectId\":null,\"version\":null,\"objectApiId\":null}",
    "null" : false
  },
  "config_b2b_document_type_project_mode_id" : "112c1cb8-4b9e-4d1a-a042-0bd031dc7d05",
  "config_imap_project_mode_id" : "112c1cb8-4b9e-4d1a-a042-0bd031dc7d05",
  "config_java_service_project_mode_id" : "112c1cb8-4b9e-4d1a-a042-0bd031dc7d05",
  "config_plug_project_mode_id" : "112c1cb8-4b9e-4d1a-a042-0bd031dc7d05",
  "config_service_project_mode_id" : "112c1cb8-4b9e-4d1a-a042-0bd031dc7d05",
  "endpoint_project_mode_id" : "112c1cb8-4b9e-4d1a-a042-0bd031dc7d05",
  "service_project_mode_id" : "112c1cb8-4b9e-4d1a-a042-0bd031dc7d05",
  "parent_component_config_service_project_mode_id" : "112c1cb8-4b9e-4d1a-a042-0bd031dc7d05",
  "is_audit" : true,
  "keys_with_order" : null
}