{
  "component_config_id" : "f9bbfedf-d95e-4400-acca-ebb596e3ecfc",
  "endpoint_config_json" : {
    "type" : "jsonb",
    "value" : "{\"crossRef\": [], \"services\": [], \"multistep\": [], \"operations\": []}",
    "null" : false
  },
  "input_config_json" : {
    "type" : "jsonb",
    "value" : "{\"crossRef\": [], \"services\": [], \"multistep\": [], \"operations\": [{\"map\": {\"id\": \"f36a3b9a-1ab6-467d-a47a-3269cd4df3a4\", \"root\": false, \"type\": \"map\", \"cached\": false, \"source\": \"/symbolAllCaps\", \"target\": \"/PostgresWatchlistDeleteBySymbolInput/where[]/where_watchlist_symbol\", \"mapNull\": false, \"disabled\": false, \"extractXml\": false, \"extractJson\": false, \"targetOrder\": 3.0, \"mapEmptyString\": false, \"sourceJavaType\": \"java.lang.String\", \"targetJavaType\": \"java.lang.String\"}}, {\"map\": {\"id\": \"1fcb6431-07f4-403f-9269-b721ab5bfb9b\", \"root\": false, \"type\": \"map\", \"cached\": false, \"source\": \"/RemoveSymbolFromStockWatchList-ServiceInput/appId\", \"target\": \"/PostgresWatchlistDeleteBySymbolInput/where[]/where_watchlist_userid\", \"mapNull\": false, \"disabled\": false, \"extractXml\": false, \"extractJson\": false, \"targetOrder\": 4.0, \"mapEmptyString\": false, \"sourceJavaType\": \"java.lang.String\", \"targetJavaType\": \"java.lang.String\"}}]}",
    "null" : false
  },
  "output_config_json" : {
    "type" : "jsonb",
    "value" : "{\"crossRef\": [], \"services\": [], \"multistep\": [], \"operations\": [{\"map\": {\"id\": \"bbdaa3eb-464c-41b9-b41b-452d4c986dde\", \"root\": true, \"type\": \"map\", \"cached\": false, \"source\": \"/PostgresWatchlistDeleteBySymbolOutput\", \"target\": \"/PostgresWatchlistDeleteBySymbolOutput\", \"mapNull\": false, \"disabled\": false, \"extractXml\": false, \"extractJson\": false, \"targetOrder\": 1.0, \"mapEmptyString\": false}}]}",
    "null" : false
  },
  "component_id" : "dc16ccf6-67f4-4135-95ca-42e055af53c4",
  "service_id" : "58122def-ecf6-4614-9bfd-ceee78e25486",
  "endpoint_id" : "994a114d-5467-4491-8567-41b783a61f27",
  "parent_component_config_id" : "7316f41f-4c62-4949-b7c8-b9718491ff5a",
  "component_config_order" : 1.0,
  "action_id" : "97371660-b1ec-43ad-84a5-ad2955eec0f5",
  "name" : "Remove symbol",
  "description" : "",
  "override_endpoint" : false,
  "input_structure_json" : {
    "type" : "jsonb",
    "value" : "{\"maps\": [{\"/PostgresWatchlistDeleteBySymbolInput/where[]/where_watchlist_symbol\": [{\"type\": \"list\", \"source\": {\"path\": \"/symbolAllCaps\", \"title\": \"symbolAllCaps\", \"dataElementType\": \"string\"}, \"target\": {\"path\": \"/PostgresWatchlistDeleteBySymbolInput/where[]/where_watchlist_symbol\", \"order\": 3, \"title\": \"watchlist_symbol\", \"dataElementType\": \"string\"}, \"mapCondition\": {\"isConditionSet\": false, \"sourceTreeIndex\": [{\"key\": 1, \"title\": \"symbolAllCaps\", \"isLeaf\": false, \"isArray\": false, \"parentKey\": 0}], \"targetTreeIndex\": [{\"key\": 1, \"title\": \"PostgresWatchlistDeleteBySymbolInput\", \"isLeaf\": false, \"isArray\": false, \"children\": [{\"key\": 2, \"title\": \"where\", \"isLeaf\": false, \"isArray\": true, \"children\": [{\"key\": 3, \"title\": \"where_watchlist_symbol\", \"isLeaf\": false, \"isArray\": false, \"parentKey\": 2}], \"parentKey\": 1, \"arrayIndex\": null}], \"parentKey\": 0}], \"mapConditionFormValue\": {}}}]}, {\"/PostgresWatchlistDeleteBySymbolInput/where[]/where_watchlist_userid\": [{\"type\": \"list\", \"source\": {\"path\": \"/RemoveSymbolFromStockWatchList-ServiceInput/appId\", \"title\": \"appId\", \"dataElementType\": \"string\"}, \"target\": {\"path\": \"/PostgresWatchlistDeleteBySymbolInput/where[]/where_watchlist_userid\", \"order\": 4, \"title\": \"watchlist_userid\", \"dataElementType\": \"string\"}, \"mapCondition\": {\"isConditionSet\": false, \"sourceTreeIndex\": [{\"key\": 1, \"title\": \"RemoveSymbolFromStockWatchList-ServiceInput\", \"isLeaf\": false, \"isArray\": false, \"children\": [{\"key\": 2, \"title\": \"appId\", \"isLeaf\": false, \"isArray\": false, \"parentKey\": 1}], \"parentKey\": 0}], \"targetTreeIndex\": [{\"key\": 1, \"title\": \"PostgresWatchlistDeleteBySymbolInput\", \"isLeaf\": false, \"isArray\": false, \"children\": [{\"key\": 2, \"title\": \"where\", \"isLeaf\": false, \"isArray\": true, \"children\": [{\"key\": 3, \"title\": \"where_watchlist_userid\", \"isLeaf\": false, \"isArray\": false, \"parentKey\": 2}], \"parentKey\": 1, \"arrayIndex\": null}], \"parentKey\": 0}], \"mapConditionFormValue\": {}}}]}], \"mappedNodes\": [\"/PostgresWatchlistDeleteBySymbolOutputactionOut\", \"/PostgresWatchlistDeleteBySymbolOutputpipeOut\", \"/symbolAllCaps pipeIn\", \"/PostgresWatchlistDeleteBySymbolInput/where[]/where_watchlist_symbol actionIn\", \"/RemoveSymbolFromStockWatchList-ServiceInput/appId pipeIn\", \"/PostgresWatchlistDeleteBySymbolInput/where[]/where_watchlist_userid actionIn\"]}",
    "null" : false
  },
  "output_structure_json" : {
    "type" : "jsonb",
    "value" : "{\"maps\": [{\"/PostgresWatchlistDeleteBySymbolOutput\": [{\"type\": \"map\", \"source\": {\"path\": \"/PostgresWatchlistDeleteBySymbolOutput\", \"title\": \"PostgresWatchlistDeleteBySymbolOutput\", \"dataElementType\": \"document\"}, \"target\": {\"path\": \"/PostgresWatchlistDeleteBySymbolOutput\", \"order\": 1, \"title\": \"PostgresWatchlistDeleteBySymbolOutput\", \"dataElementType\": \"document\"}, \"mapCondition\": {\"isConditionSet\": false, \"sourceTreeIndex\": [], \"targetTreeIndex\": [], \"mapConditionFormValue\": {}}}]}], \"tracks\": {}, \"transformer\": []}",
    "null" : false
  },
  "endpoint_structure_json" : {
    "type" : "jsonb",
    "value" : "{\"maps\": []}",
    "null" : false
  },
  "is_error" : false,
  "no_of_errors" : 0,
  "action_input_type" : null,
  "config_service_id" : null,
  "config_imap_id" : null,
  "config_b2b_document_type_id" : null,
  "config_document_id" : null,
  "add_variables" : {
    "type" : "jsonb",
    "value" : "[]",
    "null" : false
  },
  "drop_variables" : {
    "type" : "jsonb",
    "value" : "[]",
    "null" : false
  },
  "plug_input_structure" : null,
  "plug_output_structure" : null,
  "config_plug_id" : "775e9070-4ea8-44af-9615-750ad00fbb55",
  "override_plug" : false,
  "config_java_service_id" : null,
  "service_tag" : "V4",
  "endpoint_tag" : null,
  "config_service_tag" : "",
  "config_imap_tag" : "",
  "config_b2b_document_type_tag" : "",
  "active" : false,
  "parent_component_config_service_tag" : "V4",
  "service_project_id" : "ff43f984-d7dc-4e43-9c26-837e5d52773f",
  "service_project_tag" : "V4",
  "config_service_project_id" : null,
  "config_service_project_tag" : "",
  "config_imap_project_id" : null,
  "config_imap_project_tag" : "",
  "config_b2b_document_type_project_id" : null,
  "config_b2b_document_type_project_tag" : "",
  "endpoint_project_id" : "ff43f984-d7dc-4e43-9c26-837e5d52773f",
  "endpoint_project_tag" : null,
  "config_plug_tag" : "EMPTY",
  "config_plug_project_id" : "ff43f984-d7dc-4e43-9c26-837e5d52773f",
  "config_plug_project_tag" : "EMPTY",
  "config_java_service_tag" : "",
  "config_java_service_project_id" : null,
  "config_java_service_project_tag" : "",
  "disabled" : false,
  "config" : {
    "type" : "json",
    "value" : "{\"objectId\":null,\"version\":null,\"objectApiId\":null}",
    "null" : false
  },
  "config_b2b_document_type_project_mode_id" : "112c1cb8-4b9e-4d1a-a042-0bd031dc7d05",
  "config_imap_project_mode_id" : "112c1cb8-4b9e-4d1a-a042-0bd031dc7d05",
  "config_java_service_project_mode_id" : "112c1cb8-4b9e-4d1a-a042-0bd031dc7d05",
  "config_plug_project_mode_id" : "112c1cb8-4b9e-4d1a-a042-0bd031dc7d05",
  "config_service_project_mode_id" : "112c1cb8-4b9e-4d1a-a042-0bd031dc7d05",
  "endpoint_project_mode_id" : "112c1cb8-4b9e-4d1a-a042-0bd031dc7d05",
  "service_project_mode_id" : "112c1cb8-4b9e-4d1a-a042-0bd031dc7d05",
  "parent_component_config_service_project_mode_id" : "112c1cb8-4b9e-4d1a-a042-0bd031dc7d05",
  "is_audit" : true,
  "keys_with_order" : null
}