{
  "id" : "ff43f984-d7dc-4e43-9c26-837e5d52773f",
  "name" : "FusionStockWatchListMCP",
  "createdOn" : "2025-11-08T02:10:46.214",
  "modifiedOn" : "2025-11-13T02:52:53.736",
  "createdBy" : "fbe89da3-e0bb-4982-bd59-d46f52883257",
  "modifiedBy" : "fbe89da3-e0bb-4982-bd59-d46f52883257",
  "projectDescription" : null,
  "active" : false,
  "tag" : "V5",
  "comment" : "Fixed get watch list tool error when no symbols found",
  "baseTag" : "V4",
  "modeId" : "112c1cb8-4b9e-4d1a-a042-0bd031dc7d05",
  "deployedOn" : null,
  "details" : null,
  "projectType" : "Fusion"
}